date,feesUSD,revenueUSD,lp_fees
2021-05-05,58451,,58451.0
2021-05-06,640441,,640441.0
2021-05-07,1082469,,1082469.0
2021-05-08,2895458,,2895458.0
2021-05-09,1870221,,1870221.0
2021-05-10,3004460,,3004460.0
2021-05-11,2393415,,2393415.0
2021-05-12,4351017,,4351017.0
2021-05-13,4912513,,4912513.0
2021-05-14,2616857,,2616857.0
2021-05-15,2789162,,2789162.0
2021-05-16,3644630,,3644630.0
2021-05-17,4107957,,4107957.0
2021-05-18,3198769,,3198769.0
2021-05-19,7152405,,7152405.0
2021-05-20,5073565,,5073565.0
2021-05-21,4585562,,4585562.0
2021-05-22,3235375,,3235375.0
2021-05-23,5142800,,5142800.0
2021-05-24,4618386,,4618386.0
2021-05-25,4219854,,4219854.0
2021-05-26,4195720,,4195720.0
2021-05-27,3061528,,3061528.0
2021-05-28,3807301,,3807301.0
2021-05-29,3709489,,3709489.0
2021-05-30,2990706,,2990706.0
2021-05-31,2875613,,2875613.0
2021-06-01,2444768,,2444768.0
2021-06-02,1964883,,1964883.0
2021-06-03,2101881,,2101881.0
2021-06-04,3121179,,3121179.0
2021-06-05,2096632,,2096632.0
2021-06-06,1265770,,1265770.0
2021-06-07,2198514,,2198514.0
2021-06-08,3345510,,3345510.0
2021-06-09,3027443,,3027443.0
2021-06-10,2192716,,2192716.0
2021-06-11,2108189,,2108189.0
2021-06-12,1732097,,1732097.0
2021-06-13,1773489,,1773489.0
2021-06-14,1769339,,1769339.0
2021-06-15,1750056,,1750056.0
2021-06-16,1648387,,1648387.0
2021-06-17,1416032,,1416032.0
2021-06-18,1734451,,1734451.0
2021-06-19,1260644,,1260644.0
2021-06-20,1745798,,1745798.0
2021-06-21,3405595,,3405595.0
2021-06-22,2938819,,2938819.0
2021-06-23,1874710,,1874710.0
2021-06-24,1378093,,1378093.0
2021-06-25,1872987,,1872987.0
2021-06-26,1580041,,1580041.0
2021-06-27,1569500,,1569500.0
2021-06-28,1972742,,1972742.0
2021-06-29,1661558,,1661558.0
2021-06-30,1798758,,1798758.0
2021-07-01,1495698,,1495698.0
2021-07-02,1185346,,1185346.0
2021-07-03,1134707,,1134707.0
2021-07-04,1428005,,1428005.0
2021-07-05,1546739,,1546739.0
2021-07-06,2056013,,2056013.0
2021-07-07,1423232,,1423232.0
2021-07-08,1721689,,1721689.0
2021-07-09,1358956,,1358956.0
2021-07-10,1450347,,1450347.0
2021-07-11,945313,,945313.0
2021-07-12,1152695,,1152695.0
2021-07-13,1919238,,1919238.0
2021-07-14,2316401,,2316401.0
2021-07-15,1952152,,1952152.0
2021-07-16,1559541,,1559541.0
2021-07-17,1385032,,1385032.0
2021-07-18,1389738,,1389738.0
2021-07-19,1156060,,1156060.0
2021-07-20,1479643,,1479643.0
2021-07-21,1857692,,1857692.0
2021-07-22,1450375,,1450375.0
2021-07-23,1307864,,1307864.0
2021-07-24,1260441,,1260441.0
2021-07-25,994160,,994160.0
2021-07-26,3084009,,3084009.0
2021-07-27,1920965,,1920965.0
2021-07-28,1999399,,1999399.0
2021-07-29,1489242,,1489242.0
2021-07-30,1791244,,1791244.0
2021-07-31,1323083,,1323083.0
2021-08-01,1832438,,1832438.0
2021-08-02,1782533,,1782533.0
2021-08-03,2090684,,2090684.0
2021-08-04,2334080,,2334080.0
2021-08-05,2707160,,2707160.0
2021-08-06,2208948,,2208948.0
2021-08-07,3168748,,3168748.0
2021-08-08,2531216,,2531216.0
2021-08-09,3623956,,3623956.0
2021-08-10,2351020,,2351020.0
2021-08-11,2241106,,2241106.0
2021-08-12,2496447,,2496447.0
2021-08-13,1887501,,1887501.0
2021-08-14,1607098,,1607098.0
2021-08-15,1854497,,1854497.0
2021-08-16,2151421,,2151421.0
2021-08-17,3056122,,3056122.0
2021-08-18,2956641,,2956641.0
2021-08-19,2169527,,2169527.0
2021-08-20,2047582,,2047582.0
2021-08-21,1626437,,1626437.0
2021-08-22,2638192,,2638192.0
2021-08-23,2314486,,2314486.0
2021-08-24,2455975,,2455975.0
2021-08-25,2414079,,2414079.0
2021-08-26,2135327,,2135327.0
2021-08-27,1735351,,1735351.0
2021-08-28,1134599,,1134599.0
2021-08-29,1881880,,1881880.0
2021-08-30,2345943,,2345943.0
2021-08-31,2914120,,2914120.0
2021-09-01,2934940,,2934940.0
2021-09-02,2986701,,2986701.0
2021-09-03,5116787,,5116787.0
2021-09-04,3486562,,3486562.0
2021-09-05,3249542,,3249542.0
2021-09-06,3692399,,3692399.0
2021-09-07,5733509,,5733509.0
2021-09-08,4762066,,4762066.0
2021-09-09,3149495,,3149495.0
2021-09-10,3092049,,3092049.0
2021-09-11,2150056,,2150056.0
2021-09-12,1933206,,1933206.0
2021-09-13,2578951,,2578951.0
2021-09-14,1981299,,1981299.0
2021-09-15,2262101,,2262101.0
2021-09-16,2900513,,2900513.0
2021-09-17,2335003,,2335003.0
2021-09-18,1608633,,1608633.0
2021-09-19,1529043,,1529043.0
2021-09-20,4152430,,4152430.0
2021-09-21,3724155,,3724155.0
2021-09-22,2371950,,2371950.0
2021-09-23,1904431,,1904431.0
2021-09-24,2847805,,2847805.0
2021-09-25,1830182,,1830182.0
2021-09-26,2918401,,2918401.0
2021-09-27,2235628,,2235628.0
2021-09-28,2219147,,2219147.0
2021-09-29,1805573,,1805573.0
2021-09-30,1924243,,1924243.0
2021-10-01,2262176,,2262176.0
2021-10-02,1931571,,1931571.0
2021-10-03,1929692,,1929692.0
2021-10-04,2508041,,2508041.0
2021-10-05,2513971,,2513971.0
2021-10-06,2911583,,2911583.0
2021-10-07,3536431,,3536431.0
2021-10-08,2857749,,2857749.0
2021-10-09,2138252,,2138252.0
2021-10-10,2309055,,2309055.0
2021-10-11,3306706,,3306706.0
2021-10-12,2761255,,2761255.0
2021-10-13,2515549,,2515549.0
2021-10-14,2638316,,2638316.0
2021-10-15,3718508,,3718508.0
2021-10-16,2349908,,2349908.0
2021-10-17,2442753,,2442753.0
2021-10-18,2597011,,2597011.0
2021-10-19,2427336,,2427336.0
2021-10-20,3059749,,3059749.0
2021-10-21,4205481,,4205481.0
2021-10-22,3011409,,3011409.0
2021-10-23,2315433,,2315433.0
2021-10-24,2455258,,2455258.0
2021-10-25,2263226,,2263226.0
2021-10-26,3441817,,3441817.0
2021-10-27,5220720,,5220720.0
2021-10-28,4719427,,4719427.0
2021-10-29,3160675,,3160675.0
2021-10-30,2672458,,2672458.0
2021-10-31,2660673,,2660673.0
2021-11-01,2567614,,2567614.0
2021-11-02,3468327,,3468327.0
2021-11-03,3721557,,3721557.0
2021-11-04,3585378,,3585378.0
2021-11-05,2620452,,2620452.0
2021-11-06,2663828,,2663828.0
2021-11-07,2631490,,2631490.0
2021-11-08,3334281,,3334281.0
2021-11-09,5290040,,5290040.0
2021-11-10,6342097,,6342097.0
2021-11-11,3884872,,3884872.0
2021-11-12,3912078,,3912078.0
2021-11-13,2286862,,2286862.0
2021-11-14,2227915,,2227915.0
2021-11-15,3801083,,3801083.0
2021-11-16,4832754,,4832754.0
2021-11-17,3403359,,3403359.0
2021-11-18,4229424,,4229424.0
2021-11-19,3415706,,3415706.0
2021-11-20,3433946,,3433946.0
2021-11-21,3321337,,3321337.0
2021-11-22,4148034,,4148034.0
2021-11-23,4010064,,4010064.0
2021-11-24,4356856,,4356856.0
2021-11-25,4842527,,4842527.0
2021-11-26,6197358,,6197358.0
2021-11-27,4558182,,4558182.0
2021-11-28,4199615,,4199615.0
2021-11-29,3802311,,3802311.0
2021-11-30,5304364,,5304364.0
2021-12-01,4833277,,4833277.0
2021-12-02,4587254,,4587254.0
2021-12-03,5181117,,5181117.0
2021-12-04,7906955,,7906955.0
2021-12-05,4386362,,4386362.0
2021-12-06,5651738,,5651738.0
2021-12-07,3597372,,3597372.0
2021-12-08,3595115,,3595115.0
2021-12-09,4565429,,4565429.0
2021-12-10,5062853,,5062853.0
2021-12-11,3916893,,3916893.0
2021-12-12,2304440,,2304440.0
2021-12-13,4060206,,4060206.0
2021-12-14,2980846,,2980846.0
2021-12-15,4433411,,4433411.0
2021-12-16,3369964,,3369964.0
2021-12-17,3765565,,3765565.0
2021-12-18,2804859,,2804859.0
2021-12-19,2690037,,2690037.0
2021-12-20,3317794,,3317794.0
2021-12-21,2653889,,2653889.0
2021-12-22,2519490,,2519490.0
2021-12-23,3559047,,3559047.0
2021-12-24,2771490,,2771490.0
2021-12-25,5020700,,5020700.0
2021-12-26,2589963,,2589963.0
2021-12-27,2525101,,2525101.0
2021-12-28,3953808,,3953808.0
2021-12-29,3402453,,3402453.0
2021-12-30,2662694,,2662694.0
2021-12-31,2792783,,2792783.0
2022-01-01,2141338,,2141338.0
2022-01-02,2232429,,2232429.0
2022-01-03,2741157,,2741157.0
2022-01-04,2938236,,2938236.0
2022-01-05,4332023,,4332023.0
2022-01-06,3895948,,3895948.0
2022-01-07,4401753,,4401753.0
2022-01-08,3035650,,3035650.0
2022-01-09,2042738,,2042738.0
2022-01-10,5430809,,5430809.0
2022-01-11,3662651,,3662651.0
2022-01-12,3828027,,3828027.0
2022-01-13,3394096,,3394096.0
2022-01-14,2679271,,2679271.0
2022-01-15,1971317,,1971317.0
2022-01-16,2457994,,2457994.0
2022-01-17,3261318,,3261318.0
2022-01-18,3027834,,3027834.0
2022-01-19,2983001,,2983001.0
2022-01-20,3424680,,3424680.0
2022-01-21,6748956,,6748956.0
2022-01-22,4784624,,4784624.0
2022-01-23,2626187,,2626187.0
2022-01-24,4281075,,4281075.0
2022-01-25,2631044,,2631044.0
2022-01-26,3590689,,3590689.0
2022-01-27,2899198,,2899198.0
2022-01-28,2501276,,2501276.0
2022-01-29,1731928,,1731928.0
2022-01-30,1601389,,1601389.0
2022-01-31,1972147,,1972147.0
2022-02-01,2212021,,2212021.0
2022-02-02,2242162,,2242162.0
2022-02-03,2048338,,2048338.0
2022-02-04,2341731,,2341731.0
2022-02-05,2013654,,2013654.0
2022-02-06,1826510,,1826510.0
2022-02-07,2624996,,2624996.0
2022-02-08,2509801,,2509801.0
2022-02-09,2371005,,2371005.0
2022-02-10,3129634,,3129634.0
2022-02-11,3037371,,3037371.0
2022-02-12,1929060,,1929060.0
2022-02-13,1413217,,1413217.0
2022-02-14,1734413,,1734413.0
2022-02-15,2150960,,2150960.0
2022-02-16,2130019,,2130019.0
2022-02-17,2718945,,2718945.0
2022-02-18,2252859,,2252859.0
2022-02-19,1534928,,1534928.0
2022-02-20,2289941,,2289941.0
2022-02-21,2962596,,2962596.0
2022-02-22,2438198,,2438198.0
2022-02-23,1843543,,1843543.0
2022-02-24,4381718,,4381718.0
2022-02-25,2496047,,2496047.0
2022-02-26,1496312,,1496312.0
2022-02-27,2322221,,2322221.0
2022-02-28,2421371,,2421371.0
2022-03-01,2778495,,2778495.0
2022-03-02,2598455,,2598455.0
2022-03-03,1676459,,1676459.0
2022-03-04,2214084,,2214084.0
2022-03-05,1103879,,1103879.0
2022-03-06,1391818,,1391818.0
2022-03-07,2083389,,2083389.0
2022-03-08,1945183,,1945183.0
2022-03-09,1926271,,1926271.0
2022-03-10,1773272,,1773272.0
2022-03-11,1730337,,1730337.0
2022-03-12,874872,,874872.0
2022-03-13,1247453,,1247453.0
2022-03-14,1528484,,1528484.0
2022-03-15,1584032,,1584032.0
2022-03-16,2522299,,2522299.0
2022-03-17,4906457,,4906457.0
2022-03-18,5849765,,5849765.0
2022-03-19,2364578,,2364578.0
2022-03-20,2048361,,2048361.0
2022-03-21,2039829,,2039829.0
2022-03-22,2375324,,2375324.0
2022-03-23,2082562,,2082562.0
2022-03-24,2860917,,2860917.0
2022-03-25,2545265,,2545265.0
2022-03-26,1374785,,1374785.0
2022-03-27,1980155,,1980155.0
2022-03-28,3574671,,3574671.0
2022-03-29,3094296,,3094296.0
2022-03-30,2610277,,2610277.0
2022-03-31,2777377,,2777377.0
2022-04-01,2971610,,2971610.0
2022-04-02,2630346,,2630346.0
2022-04-03,1962055,,1962055.0
2022-04-04,2311304,,2311304.0
2022-04-05,2087987,,2087987.0
2022-04-06,3339049,,3339049.0
2022-04-07,2168128,,2168128.0
2022-04-08,2431565,,2431565.0
2022-04-09,1271087,,1271087.0
2022-04-10,1326488,,1326488.0
2022-04-11,3244191,,3244191.0
2022-04-12,2315767,,2315767.0
2022-04-13,2164043,,2164043.0
2022-04-14,1851828,,1851828.0
2022-04-15,1264761,,1264761.0
2022-04-16,848701,,848701.0
2022-04-17,1560283,,1560283.0
2022-04-18,1910853,,1910853.0
2022-04-19,1701999,,1701999.0
2022-04-20,2611640,,2611640.0
2022-04-21,2301142,,2301142.0
2022-04-22,1727762,,1727762.0
2022-04-23,1264869,,1264869.0
2022-04-24,1073930,,1073930.0
2022-04-25,2378892,,2378892.0
2022-04-26,2135164,,2135164.0
2022-04-27,1736121,,1736121.0
2022-04-28,2923103,,2923103.0
2022-04-29,3301848,,3301848.0
2022-04-30,3462208,,3462208.0
2022-05-01,2621652,,2621652.0
2022-05-02,2082028,,2082028.0
2022-05-03,1519540,,1519540.0
2022-05-04,2206905,,2206905.0
2022-05-05,2419684,,2419684.0
2022-05-06,2684124,,2684124.0
2022-05-07,1412266,,1412266.0
2022-05-08,2181313,,2181313.0
2022-05-09,4431324,,4431324.0
2022-05-10,4305202,,4305202.0
2022-05-11,7539989,,7539989.0
2022-05-12,7230565,,7230565.0
2022-05-13,3420993,,3420993.0
2022-05-14,1968171,,1968171.0
2022-05-15,1592878,,1592878.0
2022-05-16,2563273,,2563273.0
2022-05-17,1642058,,1642058.0
2022-05-18,1716316,,1716316.0
2022-05-19,2099638,,2099638.0
2022-05-20,1470734,,1470734.0
2022-05-21,729556,,729556.0
2022-05-22,1064566,,1064566.0
2022-05-23,1640438,,1640438.0
2022-05-24,1255354,,1255354.0
2022-05-25,1269044,,1269044.0
2022-05-26,2653383,,2653383.0
2022-05-27,1979641,,1979641.0
2022-05-28,1113292,,1113292.0
2022-05-29,663195,,663195.0
2022-05-30,1760930,,1760930.0
2022-05-31,1667356,,1667356.0
2022-06-01,2245536,,2245536.0
2022-06-02,1544493,,1544493.0
2022-06-03,1195457,,1195457.0
2022-06-04,829593,,829593.0
2022-06-05,758377,,758377.0
2022-06-06,1300860,,1300860.0
2022-06-07,1970751,,1970751.0
2022-06-08,1548713,,1548713.0
2022-06-09,1006104,,1006104.0
2022-06-10,1675955,,1675955.0
2022-06-11,1872537,,1872537.0
2022-06-12,1986039,,1986039.0
2022-06-13,4707003,,4707003.0
2022-06-14,3396091,,3396091.0
2022-06-15,4192727,,4192727.0
2022-06-16,2210436,,2210436.0
2022-06-17,1792938,,1792938.0
2022-06-18,2558705,,2558705.0
2022-06-19,2450273,,2450273.0
2022-06-20,2187768,,2187768.0
2022-06-21,1751701,,1751701.0
2022-06-22,1527248,,1527248.0
2022-06-23,1486269,,1486269.0
2022-06-24,1490997,,1490997.0
2022-06-25,1001121,,1001121.0
2022-06-26,1066435,,1066435.0
2022-06-27,833670,,833670.0
2022-06-28,1218032,,1218032.0
2022-06-29,1339911,,1339911.0
2022-06-30,1517922,,1517922.0
2022-07-01,1607859,,1607859.0
2022-07-02,690060,,690060.0
2022-07-03,744899,,744899.0
2022-07-04,1143484,,1143484.0
2022-07-05,1345119,,1345119.0
2022-07-06,1452560,,1452560.0
2022-07-07,1044239,,1044239.0
2022-07-08,1439003,,1439003.0
2022-07-09,669332,,669332.0
2022-07-10,778782,,778782.0
2022-07-11,1013387,,1013387.0
2022-07-12,942388,,942388.0
2022-07-13,1524224,,1524224.0
2022-07-14,1334183,,1334183.0
2022-07-15,1540548,,1540548.0
2022-07-16,1566484,,1566484.0
2022-07-17,1487986,,1487986.0
2022-07-18,2229072,,2229072.0
2022-07-19,2319973,,2319973.0
2022-07-20,1985345,,1985345.0
2022-07-21,1536664,,1536664.0
2022-07-22,1254330,,1254330.0
2022-07-23,1108436,,1108436.0
2022-07-24,1219244,,1219244.0
2022-07-25,1560404,,1560404.0
2022-07-26,1372447,,1372447.0
2022-07-27,1811168,,1811168.0
2022-07-28,2364389,,2364389.0
2022-07-29,2049061,,2049061.0
2022-07-30,1367129,,1367129.0
2022-07-31,1215961,,1215961.0
2022-08-01,1474696,,1474696.0
2022-08-02,1934584,,1934584.0
2022-08-03,1339824,,1339824.0
2022-08-04,1281429,,1281429.0
2022-08-05,1556359,,1556359.0
2022-08-06,794831,,794831.0
2022-08-07,706094,,706094.0
2022-08-08,1417416,,1417416.0
2022-08-09,1288171,,1288171.0
2022-08-10,1961280,,1961280.0
2022-08-11,1748513,,1748513.0
2022-08-12,1078801,,1078801.0
2022-08-13,1108559,,1108559.0
2022-08-14,1203246,,1203246.0
2022-08-15,1710069,,1710069.0
2022-08-16,1214745,,1214745.0
2022-08-17,1680246,,1680246.0
2022-08-18,1014500,,1014500.0
2022-08-19,2202731,,2202731.0
2022-08-20,1392215,,1392215.0
2022-08-21,1365824,,1365824.0
2022-08-22,1491336,,1491336.0
2022-08-23,1635123,,1635123.0
2022-08-24,1169173,,1169173.0
2022-08-25,1206659,,1206659.0
2022-08-26,2092266,,2092266.0
2022-08-27,1200855,,1200855.0
2022-08-28,1038881,,1038881.0
2022-08-29,1354940,,1354940.0
2022-08-30,1767174,,1767174.0
2022-08-31,1847880,,1847880.0
2022-09-01,1455617,,1455617.0
2022-09-02,1658515,,1658515.0
2022-09-03,781039,,781039.0
2022-09-04,717643,,717643.0
2022-09-05,1038155,,1038155.0
2022-09-06,1762752,,1762752.0
2022-09-07,1653227,,1653227.0
2022-09-08,1360616,,1360616.0
2022-09-09,1491157,,1491157.0
2022-09-10,974206,,974206.0
2022-09-11,901557,,901557.0
2022-09-12,1319010,,1319010.0
2022-09-13,2206977,,2206977.0
2022-09-14,1350002,,1350002.0
2022-09-15,1993205,,1993205.0
2022-09-16,1105061,,1105061.0
2022-09-17,679005,,679005.0
2022-09-18,1039331,,1039331.0
2022-09-19,1370264,,1370264.0
2022-09-20,1104037,,1104037.0
2022-09-21,1794461,,1794461.0
2022-09-22,1300427,,1300427.0
2022-09-23,1418937,,1418937.0
2022-09-24,697383,,697383.0
2022-09-25,690118,,690118.0
2022-09-26,997830,,997830.0
2022-09-27,1319698,,1319698.0
2022-09-28,1517984,,1517984.0
2022-09-29,1108922,,1108922.0
2022-09-30,1431703,,1431703.0
2022-10-01,486774,,486774.0
2022-10-02,677420,,677420.0
2022-10-03,861372,,861372.0
2022-10-04,917266,,917266.0
2022-10-05,1369867,,1369867.0
2022-10-06,1079259,,1079259.0
2022-10-07,742524,,742524.0
2022-10-08,380887,,380887.0
2022-10-09,385786,,385786.0
2022-10-10,705648,,705648.0
2022-10-11,754859,,754859.0
2022-10-12,435150,,435150.0
2022-10-13,1385941,,1385941.0
2022-10-14,1090324,,1090324.0
2022-10-15,432379,,432379.0
2022-10-16,463011,,463011.0
2022-10-17,825848,,825848.0
2022-10-18,866136,,866136.0
2022-10-19,665325,,665325.0
2022-10-20,678234,,678234.0
2022-10-21,839156,,839156.0
2022-10-22,466225,,466225.0
2022-10-23,1082371,,1082371.0
2022-10-24,1206677,,1206677.0
2022-10-25,1831904,,1831904.0
2022-10-26,1809272,,1809272.0
2022-10-27,1474262,,1474262.0
2022-10-28,1366844,,1366844.0
2022-10-29,1959076,,1959076.0
2022-10-30,975325,,975325.0
2022-10-31,1413700,,1413700.0
2022-11-01,933747,,933747.0
2022-11-02,1968046,,1968046.0
2022-11-03,1020990,,1020990.0
2022-11-04,1810796,,1810796.0
2022-11-05,902535,,902535.0
2022-11-06,916511,,916511.0
2022-11-07,1464808,,1464808.0
2022-11-08,5329652,,5329652.0
2022-11-09,5796054,,5796054.0
2022-11-10,4763784,,4763784.0
2022-11-11,2966208,,2966208.0
2022-11-12,1906722,,1906722.0
2022-11-13,1383485,,1383485.0
2022-11-14,1873694,,1873694.0
2022-11-15,1419935,,1419935.0
2022-11-16,1267497,,1267497.0
2022-11-17,959767,,959767.0
2022-11-18,610020,,610020.0
2022-11-19,456153,,456153.0
2022-11-20,1040953,,1040953.0
2022-11-21,1572601,,1572601.0
2022-11-22,1486737,,1486737.0
2022-11-23,988385,,988385.0
2022-11-24,773994,,773994.0
2022-11-25,764387,,764387.0
2022-11-26,680995,,680995.0
2022-11-27,493543,,493543.0
2022-11-28,859103,,859103.0
2022-11-29,699677,,699677.0
2022-11-30,1268915,,1268915.0
2022-12-01,754405,,754405.0
2022-12-02,735969,,735969.0
2022-12-03,517112,,517112.0
2022-12-04,473350,,473350.0
2022-12-05,708094,,708094.0
2022-12-06,620690,,620690.0
2022-12-07,684356,,684356.0
2022-12-08,692521,,692521.0
2022-12-09,546460,,546460.0
2022-12-10,327448,,327448.0
2022-12-11,404208,,404208.0
2022-12-12,651159,,651159.0
2022-12-13,1226432,,1226432.0
2022-12-14,888876,,888876.0
2022-12-15,630486,,630486.0
2022-12-16,1244741,,1244741.0
2022-12-17,579305,,579305.0
2022-12-18,399276,,399276.0
2022-12-19,595090,,595090.0
2022-12-20,703740,,703740.0
2022-12-21,376675,,376675.0
2022-12-22,540753,,540753.0
2022-12-23,385659,,385659.0
2022-12-24,172755,,172755.0
2022-12-25,316532,,316532.0
2022-12-26,275066,,275066.0
2022-12-27,479100,,479100.0
2022-12-28,554216,,554216.0
2022-12-29,446638,,446638.0
2022-12-30,346627,,346627.0
2022-12-31,341069,,341069.0
2023-01-01,295136,,295136.0
2023-01-02,456184,,456184.0
2023-01-03,291391,,291391.0
2023-01-04,742203,,742203.0
2023-01-05,414754,,414754.0
2023-01-06,551107,,551107.0
2023-01-07,286755,,286755.0
2023-01-08,589998,,589998.0
2023-01-09,1128651,,1128651.0
2023-01-10,690201,,690201.0
2023-01-11,740286,,740286.0
2023-01-12,1541442,,1541442.0
2023-01-13,1295512,,1295512.0
2023-01-14,2106571,,2106571.0
2023-01-15,1078165,,1078165.0
2023-01-16,1317325,,1317325.0
2023-01-17,1046244,,1046244.0
2023-01-18,1945585,,1945585.0
2023-01-19,858191,,858191.0
2023-01-20,1062814,,1062814.0
2023-01-21,1392664,,1392664.0
2023-01-22,1175225,,1175225.0
2023-01-23,1236740,,1236740.0
2023-01-24,1353340,,1353340.0
2023-01-25,1742735,,1742735.0
2023-01-26,1289333,,1289333.0
2023-01-27,1220012,,1220012.0
2023-01-28,854042,,854042.0
2023-01-29,1151929,,1151929.0
2023-01-30,1289754,,1289754.0
2023-01-31,901167,,901167.0
2023-02-01,1715150,,1715150.0
2023-02-02,1970425,,1970425.0
2023-02-03,1541288,,1541288.0
2023-02-04,1333220,,1333220.0
2023-02-05,1419818,,1419818.0
2023-02-06,1471623,,1471623.0
2023-02-07,1920876,,1920876.0
2023-02-08,1852914,,1852914.0
2023-02-09,2833103,,2833103.0
2023-02-10,1805524,,1805524.0
2023-02-11,919832,,919832.0
2023-02-12,1018354,,1018354.0
2023-02-13,1642237,,1642237.0
2023-02-14,2841249,,2841249.0
2023-02-15,2449673,,2449673.0
2023-02-16,3251126,,3251126.0
2023-02-17,2704123,,2704123.0
2023-02-18,1483839,,1483839.0
2023-02-19,2593323,,2593323.0
2023-02-20,1674496,,1674496.0
2023-02-21,2080875,,2080875.0
2023-02-22,1903324,,1903324.0
2023-02-23,1639863,,1639863.0
2023-02-24,1851474,,1851474.0
2023-02-25,1050161,,1050161.0
2023-02-26,1040904,,1040904.0
2023-02-27,1336143,,1336143.0
2023-02-28,1261430,,1261430.0
2023-03-01,2094276,,2094276.0
2023-03-02,1500147,,1500147.0
2023-03-03,1626644,,1626644.0
2023-03-04,814951,,814951.0
2023-03-05,905941,,905941.0
2023-03-06,853813,,853813.0
2023-03-07,1234297,,1234297.0
2023-03-08,1175975,,1175975.0
2023-03-09,1470033,,1470033.0
2023-03-10,2568191,,2568191.0
2023-03-11,8283676,,8283676.0
2023-03-12,2839460,,2839460.0
2023-03-13,3136189,,3136189.0
2023-03-14,2882992,,2882992.0
2023-03-15,2597228,,2597228.0
2023-03-16,588794,,588794.0
2023-03-17,2165842,,2165842.0
2023-03-18,1919447,,1919447.0
2023-03-19,1584392,,1584392.0
2023-03-20,1923657,,1923657.0
2023-03-21,1717167,,1717167.0
2023-03-22,2083106,,2083106.0
2023-03-23,4193103,,4193103.0
2023-03-24,3003777,,3003777.0
2023-03-25,1333577,,1333577.0
2023-03-26,1241517,,1241517.0
2023-03-27,1615565,,1615565.0
2023-03-28,1338990,,1338990.0
2023-03-29,1244028,,1244028.0
2023-03-30,1866239,,1866239.0
2023-03-31,1284906,,1284906.0
2023-04-01,954793,,954793.0
2023-04-02,1053255,,1053255.0
2023-04-03,1559363,,1559363.0
2023-04-04,1386792,,1386792.0
2023-04-05,1527859,,1527859.0
2023-04-06,1112580,,1112580.0
2023-04-07,769299,,769299.0
2023-04-08,613405,,613405.0
2023-04-09,711433,,711433.0
2023-04-10,923364,,923364.0
2023-04-11,1092819,,1092819.0
2023-04-12,1261598,,1261598.0
2023-04-13,1414233,,1414233.0
2023-04-14,2703637,,2703637.0
2023-04-15,1269062,,1269062.0
2023-04-16,1116539,,1116539.0
2023-04-17,1357420,,1357420.0
2023-04-18,1696235,,1696235.0
2023-04-19,2430521,,2430521.0
2023-04-20,1791158,,1791158.0
2023-04-21,1756087,,1756087.0
2023-04-22,836889,,836889.0
2023-04-23,917371,,917371.0
2023-04-24,1076786,,1076786.0
2023-04-25,1001765,,1001765.0
2023-04-26,1827795,,1827795.0
2023-04-27,1457658,,1457658.0
2023-04-28,791548,,791548.0
2023-04-29,600486,,600486.0
2023-04-30,1095480,,1095480.0
2023-05-01,1513374,,1513374.0
2023-05-02,1434843,,1434843.0
2023-05-03,1749634,,1749634.0
2023-05-04,1527224,,1527224.0
2023-05-05,3361403,,3361403.0
2023-05-06,3365094,,3365094.0
2023-05-07,1966906,,1966906.0
2023-05-08,2889360,,2889360.0
2023-05-09,1748795,,1748795.0
2023-05-10,1986671,,1986671.0
2023-05-11,2027634,,2027634.0
2023-05-12,1964214,,1964214.0
2023-05-13,1320538,,1320538.0
2023-05-14,799973,,799973.0
2023-05-15,1021436,,1021436.0
2023-05-16,978838,,978838.0
2023-05-17,1139692,,1139692.0
2023-05-18,1037358,,1037358.0
2023-05-19,842399,,842399.0
2023-05-20,721664,,721664.0
2023-05-21,1450780,,1450780.0
2023-05-22,1729462,,1729462.0
2023-05-23,2935009,,2935009.0
2023-05-24,2229950,,2229950.0
2023-05-25,1592434,,1592434.0
2023-05-26,1485396,,1485396.0
2023-05-27,1032957,,1032957.0
2023-05-28,1149975,,1149975.0
2023-05-29,1203277,,1203277.0
2023-05-30,1253587,,1253587.0
2023-05-31,1164655,,1164655.0
2023-06-01,914918,,914918.0
2023-06-02,851535,,851535.0
2023-06-03,547297,,547297.0
2023-06-04,574429,,574429.0
2023-06-05,1454950,,1454950.0
2023-06-06,1329247,,1329247.0
2023-06-07,1268585,,1268585.0
2023-06-08,738399,,738399.0
2023-06-09,683879,,683879.0
2023-06-10,1707352,,1707352.0
2023-06-11,563005,,563005.0
2023-06-12,837323,,837323.0
2023-06-13,859252,,859252.0
2023-06-14,934033,,934033.0
2023-06-15,850680,,850680.0
2023-06-16,715080,,715080.0
2023-06-17,606849,,606849.0
2023-06-18,401854,,401854.0
2023-06-19,652248,,652248.0
2023-06-20,898555,,898555.0
2023-06-21,1620991,,1620991.0
2023-06-22,1282589,,1282589.0
2023-06-23,1519129,,1519129.0
2023-06-24,737429,,737429.0
2023-06-25,857313,,857313.0
2023-06-26,987368,,987368.0
2023-06-27,1256575,,1256575.0
2023-06-28,1006757,,1006757.0
2023-06-29,764310,,764310.0
2023-06-30,1771237,,1771237.0
2023-07-01,580396,,580396.0
2023-07-02,707920,,707920.0
2023-07-03,1063120,,1063120.0
2023-07-04,747700,,747700.0
2023-07-05,755337,,755337.0
2023-07-06,1089679,,1089679.0
2023-07-07,765953,,765953.0
2023-07-08,578749,,578749.0
2023-07-09,456225,,456225.0
2023-07-10,723256,,723256.0
2023-07-11,507723,,507723.0
2023-07-12,644643,,644643.0
2023-07-13,1418019,,1418019.0
2023-07-14,1519168,,1519168.0
2023-07-15,569536,,569536.0
2023-07-16,584646,,584646.0
2023-07-17,1240501,,1240501.0
2023-07-18,990239,,990239.0
2023-07-19,869405,,869405.0
2023-07-20,1082202,,1082202.0
2023-07-21,719028,,719028.0
2023-07-22,643071,,643071.0
2023-07-23,554033,,554033.0
2023-07-24,899445,,899445.0
2023-07-25,542568,,542568.0
2023-07-26,808721,,808721.0
2023-07-27,655897,,655897.0
2023-07-28,563260,,563260.0
2023-07-29,374602,,374602.0
2023-07-30,626325,,626325.0
2023-07-31,725345,,725345.0
2023-08-01,947690,,947690.0
2023-08-02,774913,,774913.0
2023-08-03,649672,,649672.0
2023-08-04,597173,,597173.0
2023-08-05,636121,,636121.0
2023-08-06,681952,,681952.0
2023-08-07,863874,,863874.0
2023-08-08,1035014,,1035014.0
2023-08-09,938770,,938770.0
2023-08-10,686446,,686446.0
2023-08-11,614396,,614396.0
2023-08-12,444548,,444548.0
2023-08-13,519200,,519200.0
2023-08-14,677244,,677244.0
2023-08-15,830960,,830960.0
2023-08-16,912082,,912082.0
2023-08-17,2196409,,2196409.0
2023-08-18,1108913,,1108913.0
2023-08-19,535296,,535296.0
2023-08-20,558554,,558554.0
2023-08-21,718969,,718969.0
2023-08-22,1030544,,1030544.0
2023-08-23,889930,,889930.0
2023-08-24,651305,,651305.0
2023-08-25,813477,,813477.0
2023-08-26,427972,,427972.0
2023-08-27,430751,,430751.0
2023-08-28,792415,,792415.0
2023-08-29,1347746,,1347746.0
2023-08-30,629865,,629865.0
2023-08-31,853353,,853353.0
2023-09-01,741847,,741847.0
2023-09-02,489153,,489153.0
2023-09-03,444142,,444142.0
2023-09-04,611923,,611923.0
2023-09-05,549722,,549722.0
2023-09-06,715371,,715371.0
2023-09-07,605046,,605046.0
2023-09-08,493555,,493555.0
2023-09-09,308439,,308439.0
2023-09-10,576192,,576192.0
2023-09-11,923827,,923827.0
2023-09-12,766052,,766052.0
2023-09-13,601906,,601906.0
2023-09-14,726732,,726732.0
2023-09-15,559248,,559248.0
2023-09-16,393430,,393430.0
2023-09-17,359062,,359062.0
2023-09-18,699365,,699365.0
2023-09-19,618826,,618826.0
2023-09-20,593960,,593960.0
2023-09-21,558566,,558566.0
2023-09-22,436033,,436033.0
2023-09-23,332889,,332889.0
2023-09-24,396967,,396967.0
2023-09-25,614259,,614259.0
2023-09-26,478423,,478423.0
2023-09-27,599010,,599010.0
2023-09-28,760283,,760283.0
2023-09-29,763063,,763063.0
2023-09-30,487089,,487089.0
2023-10-01,731822,,731822.0
2023-10-02,1125642,,1125642.0
2023-10-03,654361,,654361.0
2023-10-04,671120,,671120.0
2023-10-05,571392,,571392.0
2023-10-06,592818,,592818.0
2023-10-07,362280,,362280.0
2023-10-08,443028,,443028.0
2023-10-09,677074,,677074.0
2023-10-10,493071,,493071.0
2023-10-11,570965,,570965.0
2023-10-12,671764,,671764.0
2023-10-13,676438,,676438.0
2023-10-14,318804,,318804.0
2023-10-15,665497,,665497.0
2023-10-16,1193423,,1193423.0
2023-10-17,647218,,647218.0
2023-10-18,601997,,601997.0
2023-10-19,580470,,580470.0
2023-10-20,994219,,994219.0
2023-10-21,749028,,749028.0
2023-10-22,810227,,810227.0
2023-10-23,1782965,,1782965.0
2023-10-24,2130044,,2130044.0
2023-10-25,1410519,,1410519.0
2023-10-26,1643913,,1643913.0
2023-10-27,1169129,,1169129.0
2023-10-28,752512,,752512.0
2023-10-29,755345,,755345.0
2023-10-30,1125326,,1125326.0
2023-10-31,1086563,,1086563.0
2023-11-01,1440719,,1440719.0
2023-11-02,1282346,,1282346.0
2023-11-03,1676434,,1676434.0
2023-11-04,954180,,954180.0
2023-11-05,1294664,,1294664.0
2023-11-06,1341924,,1341924.0
2023-11-07,1385216,,1385216.0
2023-11-08,1147589,,1147589.0
2023-11-09,3012631,,3012631.0
2023-11-10,2251299,,2251299.0
2023-11-11,1708665,,1708665.0
2023-11-12,1434072,,1434072.0
2023-11-13,2381444,,2381444.0
2023-11-14,2054796,,2054796.0
2023-11-15,1722515,,1722515.0
2023-11-16,2244071,,2244071.0
2023-11-17,1689929,,1689929.0
2023-11-18,1191154,,1191154.0
2023-11-19,1246427,,1246427.0
2023-11-20,1705274,,1705274.0
2023-11-21,2008175,,2008175.0
2023-11-22,1716518,,1716518.0
2023-11-23,1152476,,1152476.0
2023-11-24,1333732,,1333732.0
2023-11-25,957019,,957019.0
2023-11-26,1088218,,1088218.0
2023-11-27,1355698,,1355698.0
2023-11-28,1349240,,1349240.0
2023-11-29,1239410,,1239410.0
2023-11-30,1183769,,1183769.0
2023-12-01,1298988,,1298988.0
2023-12-02,1352966,,1352966.0
2023-12-03,1233565,,1233565.0
2023-12-04,2324065,,2324065.0
2023-12-05,2524940,,2524940.0
2023-12-06,2437155,,2437155.0
2023-12-07,2228218,,2228218.0
2023-12-08,1813417,,1813417.0
2023-12-09,1879443,,1879443.0
2023-12-10,1225432,,1225432.0
2023-12-11,2415076,,2415076.0
2023-12-12,1847513,,1847513.0
2023-12-13,2344964,,2344964.0
2023-12-14,2236989,,2236989.0
2023-12-15,2411464,,2411464.0
2023-12-16,2525855,,2525855.0
2023-12-17,1913675,,1913675.0
2023-12-18,2294374,,2294374.0
2023-12-19,2222316,,2222316.0
2023-12-20,2485115,,2485115.0
2023-12-21,2394966,,2394966.0
2023-12-22,2969112,,2969112.0
2023-12-23,1960527,,1960527.0
2023-12-24,1963505,,1963505.0
2023-12-25,1724684,,1724684.0
2023-12-26,2377804,,2377804.0
2023-12-27,2824052,,2824052.0
2023-12-28,3222540,,3222540.0
2023-12-29,2405976,,2405976.0
2023-12-30,1363801,,1363801.0
2023-12-31,1428154,,1428154.0
2024-01-01,406082,,406082.0
2024-01-02,2242415,,2242415.0
2024-01-03,3635909,,3635909.0
2024-01-04,2245624,,2245624.0
2024-01-05,2122436,,2122436.0
2024-01-06,1347535,,1347535.0
2024-01-07,1636289,,1636289.0
2024-01-08,2788041,,2788041.0
2024-01-09,3478348,,3478348.0
2024-01-10,4209322,,4209322.0
2024-01-11,3503420,,3503420.0
2024-01-12,3508723,,3508723.0
2024-01-13,1332072,,1332072.0
2024-01-14,1306059,,1306059.0
2024-01-15,1425756,,1425756.0
2024-01-16,1569613,,1569613.0
2024-01-17,1464907,,1464907.0
2024-01-18,1676680,,1676680.0
2024-01-19,3339350,,3339350.0
2024-01-20,1359829,,1359829.0
2024-01-21,1219120,,1219120.0
2024-01-22,2132947,,2132947.0
2024-01-23,2287962,,2287962.0
2024-01-24,1405236,,1405236.0
2024-01-25,2173429,,2173429.0
2024-01-26,1496434,0.0,1496434.0
2024-01-27,834012,,834012.0
2024-01-28,754454,,754454.0
2024-01-29,1063434,,1063434.0
2024-01-30,1815880,,1815880.0
2024-01-31,1889790,,1889790.0
2024-02-01,1655917,,1655917.0
2024-02-02,1969277,,1969277.0
2024-02-03,1218526,,1218526.0
2024-02-04,917130,,917130.0
2024-02-05,1239999,,1239999.0
2024-02-06,1733590,,1733590.0
2024-02-07,2449213,,2449213.0
2024-02-08,3120011,,3120011.0
2024-02-09,3890479,,3890479.0
2024-02-10,2461445,,2461445.0
2024-02-11,2077911,,2077911.0
2024-02-12,2868358,,2868358.0
2024-02-13,2302715,,2302715.0
2024-02-14,1961939,,1961939.0
2024-02-15,2374829,,2374829.0
2024-02-16,1947400,,1947400.0
2024-02-17,1483857,,1483857.0
2024-02-18,1665947,,1665947.0
2024-02-19,2331516,,2331516.0
2024-02-20,2680613,,2680613.0
2024-02-21,2369574,,2369574.0
2024-02-22,2202444,,2202444.0
2024-02-23,2394312,,2394312.0
2024-02-24,1696688,,1696688.0
2024-02-25,1999115,,1999115.0
2024-02-26,2737424,,2737424.0
2024-02-27,3200109,,3200109.0
2024-02-28,4532841,,4532841.0
2024-02-29,4221734,,4221734.0
2024-03-01,3256200,,3256200.0
2024-03-02,2593985,,2593985.0
2024-03-03,2681446,,2681446.0
2024-03-04,3847449,,3847449.0
2024-03-05,7841612,,7841612.0
2024-03-06,8417017,,8417017.0
2024-03-07,5649733,,5649733.0
2024-03-08,3566953,,3566953.0
2024-03-09,2725432,,2725432.0
2024-03-10,3174090,,3174090.0
2024-03-11,3721792,,3721792.0
2024-03-13,3168621,0.0,3168621.0
2024-03-14,3663075,0.0,3663075.0
2024-03-15,4267870,0.0,4267870.0
2024-03-16,2982286,0.0,2982286.0
2024-03-17,2622770,0.0,2622770.0
2024-03-18,3189343,0.0,3189343.0
2024-03-19,3668510,0.0,3668510.0
2024-03-20,1689393,0.0,1689393.0
2024-03-21,1074899,0.0,1074899.0
2024-03-22,3330626,0.0,3330626.0
2024-03-23,2325443,0.0,2325443.0
2024-03-24,2333818,0.0,2333818.0
2024-03-25,3358425,0.0,3358425.0
2024-03-26,4185092,0.0,4185092.0
2024-03-27,4040269,0.0,4040269.0
2024-03-28,3209224,0.0,3209224.0
2024-03-29,4165453,0.0,4165453.0
2024-03-30,4616496,0.0,4616496.0
2024-03-31,4034785,0.0,4034785.0
2024-04-01,4271952,0.0,4271952.0
2024-04-02,4860640,0.0,4860640.0
2024-04-03,3606467,0.0,3606467.0
2024-04-04,3726954,0.0,3726954.0
2024-04-05,2915555,0.0,2915555.0
2024-04-06,1986550,0.0,1986550.0
2024-04-07,2385493,0.0,2385493.0
2024-04-08,4030326,0.0,4030326.0
2024-04-09,3928664,0.0,3928664.0
2024-04-10,3492918,0.0,3492918.0
2024-04-11,3622679,0.0,3622679.0
2024-04-12,4569287,0.0,4569287.0
2024-04-13,4827852,0.0,4827852.0
2024-04-14,3299890,0.0,3299890.0
2024-04-15,3471599,0.0,3471599.0
2024-04-16,2803321,0.0,2803321.0
2024-04-17,2465213,0.0,2465213.0
2024-04-18,2193736,0.0,2193736.0
2024-04-19,2963489,0.0,2963489.0
2024-04-20,1749586,0.0,1749586.0
2024-04-21,1556909,0.0,1556909.0
2024-04-22,2044511,0.0,2044511.0
2024-04-23,2231309,0.0,2231309.0
2024-04-24,2335968,0.0,2335968.0
2024-04-25,2096819,0.0,2096819.0
2024-04-26,1785262,0.0,1785262.0
2024-04-27,1896932,0.0,1896932.0
2024-04-28,1594121,0.0,1594121.0
2024-04-29,1903914,0.0,1903914.0
2024-04-30,2521434,0.0,2521434.0
2024-05-01,2296619,0.0,2296619.0
2024-05-02,1628348,0.0,1628348.0
2024-05-03,2068107,0.0,2068107.0
2024-05-04,1416676,0.0,1416676.0
2024-05-05,1313718,0.0,1313718.0
2024-05-06,1994043,0.0,1994043.0
2024-05-07,1794425,0.0,1794425.0
2024-05-08,1742146,0.0,1742146.0
2024-05-09,1440843,0.0,1440843.0
2024-05-10,1510220,0.0,1510220.0
2024-05-11,900544,0.0,900544.0
2024-05-12,757503,0.0,757503.0
2024-05-13,1684664,0.0,1684664.0
2024-05-14,1553863,0.0,1553863.0
2024-05-15,1820252,0.0,1820252.0
2024-05-16,1629749,0.0,1629749.0
2024-05-17,1795381,0.0,1795381.0
2024-05-18,1193739,0.0,1193739.0
2024-05-19,1116745,0.0,1116745.0
2024-05-20,3742648,0.0,3742648.0
2024-05-21,3922194,0.0,3922194.0
2024-05-22,2786649,0.0,2786649.0
2024-05-23,4976731,0.0,4976731.0
2024-05-24,2688095,0.0,2688095.0
2024-05-25,1509138,0.0,1509138.0
2024-05-26,2199076,0.0,2199076.0
2024-05-27,2725040,0.0,2725040.0
2024-05-28,3224368,0.0,3224368.0
2024-05-29,2680238,0.0,2680238.0
2024-05-30,2578081,0.0,2578081.0
2024-05-31,2627919,0.0,2627919.0
2024-06-01,2065719,0.0,2065719.0
2024-06-02,1779578,0.0,1779578.0
2024-06-03,2160789,0.0,2160789.0
2024-06-04,1921629,0.0,1921629.0
2024-06-05,1825193,0.0,1825193.0
2024-06-06,1906405,0.0,1906405.0
2024-06-07,3056335,0.0,3056335.0
2024-06-08,1615736,0.0,1615736.0
2024-06-09,1730102,0.0,1730102.0
2024-06-10,2021951,0.0,2021951.0
2024-06-11,2590263,0.0,2590263.0
2024-06-12,2546698,0.0,2546698.0
2024-06-13,2128466,0.0,2128466.0
2024-06-14,2281910,0.0,2281910.0
2024-06-15,1190976,0.0,1190976.0
2024-06-16,1136242,0.0,1136242.0
2024-06-17,2282769,0.0,2282769.0
2024-06-18,2614237,0.0,2614237.0
2024-06-19,1932916,0.0,1932916.0
2024-06-20,2191278,0.0,2191278.0
2024-06-21,1874360,0.0,1874360.0
2024-06-22,1017228,0.0,1017228.0
2024-06-23,1068545,0.0,1068545.0
2024-06-24,2641940,0.0,2641940.0
2024-06-25,1578481,0.0,1578481.0
2024-06-26,1372214,0.0,1372214.0
2024-06-27,1449519,0.0,1449519.0
2024-06-28,1348939,0.0,1348939.0
2024-06-29,741520,0.0,741520.0
2024-06-30,792253,0.0,792253.0
2024-07-01,1319733,0.0,1319733.0
2024-07-02,943647,0.0,943647.0
2024-07-03,1576105,0.0,1576105.0
2024-07-04,2060234,0.0,2060234.0
2024-07-05,3033492,0.0,3033492.0
2024-07-06,978062,0.0,978062.0
2024-07-07,964774,0.0,964774.0
2024-07-08,1887529,0.0,1887529.0
2024-07-09,1399784,0.0,1399784.0
2024-07-10,1254418,0.0,1254418.0
2024-07-11,1288392,0.0,1288392.0
2024-07-12,1029657,0.0,1029657.0
2024-07-13,747120,0.0,747120.0
2024-07-14,923140,0.0,923140.0
2024-07-15,1645810,0.0,1645810.0
2024-07-16,2136615,0.0,2136615.0
2024-07-17,1688537,0.0,1688537.0
2024-07-18,2073077,0.0,2073077.0
2024-07-19,2119139,0.0,2119139.0
2024-07-20,1335185,0.0,1335185.0
2024-07-21,1726698,0.0,1726698.0
2024-07-22,1680149,0.0,1680149.0
2024-07-23,2407518,0.0,2407518.0
2024-07-24,620493,0.0,620493.0
2024-07-25,1967304,0.0,1967304.0
2024-07-26,1281397,0.0,1281397.0
2024-07-27,1315338,0.0,1315338.0
2024-07-28,524392,0.0,524392.0
2024-07-29,1362644,0.0,1362644.0
2024-07-30,1574860,0.0,1574860.0
2024-07-31,1700096,0.0,1700096.0
2024-08-01,1651827,0.0,1651827.0
2024-08-02,2174894,0.0,2174894.0
2024-08-03,1701240,0.0,1701240.0
2024-08-04,1626818,0.0,1626818.0
2024-08-05,6319394,0.0,6319394.0
2024-08-06,1501398,0.0,1501398.0
2024-08-07,1525967,0.0,1525967.0
2024-08-08,1726773,0.0,1726773.0
2024-08-09,1205570,0.0,1205570.0
2024-08-10,682422,0.0,682422.0
2024-08-11,946530,0.0,946530.0
2024-08-12,1447001,0.0,1447001.0
2024-08-13,1117538,0.0,1117538.0
2024-08-14,477279,0.0,477279.0
2024-08-15,1239574,0.0,1239574.0
2024-08-16,922150,0.0,922150.0
2024-08-17,571481,0.0,571481.0
2024-08-18,332880,0.0,332880.0
2024-08-19,619934,0.0,619934.0
2024-08-20,1369487,0.0,1369487.0
2024-08-21,940660,0.0,940660.0
2024-08-22,690917,0.0,690917.0
2024-08-23,479700,0.0,479700.0
2024-08-24,750623,0.0,750623.0
2024-08-25,682876,0.0,682876.0
2024-08-26,1062945,0.0,1062945.0
2024-08-27,847877,0.0,847877.0
2024-08-28,1395156,0.0,1395156.0
2024-08-29,868396,0.0,868396.0
2024-08-30,965548,0.0,965548.0
2024-08-31,426297,0.0,426297.0
2024-09-01,672982,0.0,672982.0
2024-09-02,525125,0.0,525125.0
2024-09-03,734110,0.0,734110.0
2024-09-04,1229034,0.0,1229034.0
2024-09-05,805710,0.0,805710.0
2024-09-06,1709898,0.0,1709898.0
2024-09-07,685574,0.0,685574.0
2024-09-08,608352,0.0,608352.0
2024-09-09,1043630,0.0,1043630.0
2024-09-10,868691,0.0,868691.0
2024-09-11,1004365,0.0,1004365.0
2024-09-12,907412,0.0,907412.0
2024-09-13,773694,0.0,773694.0
2024-09-14,831700,,831700.0
2024-09-15,573780,,573780.0
2024-09-16,676839,,676839.0
2024-09-17,1428682,,1428682.0
2024-09-18,1152465,,1152465.0
2024-09-19,1295946,,1295946.0
2024-09-20,1390030,,1390030.0
2024-09-21,1285173,,1285173.0
2024-09-22,913783,,913783.0
2024-09-23,1566809,,1566809.0
2024-09-24,1443627,,1443627.0
2024-09-25,1089317,,1089317.0
2024-09-26,1334485,,1334485.0
2024-09-27,1123292,,1123292.0
2024-09-28,786052,,786052.0
2024-09-29,695104,,695104.0
2024-09-30,987843,,987843.0
2024-10-01,2357221,,2357221.0
2024-10-02,1749488,,1749488.0
2024-10-03,1372547,,1372547.0
2024-10-04,1152662,,1152662.0
2024-10-05,763894,,763894.0
2024-10-06,863240,,863240.0
2024-10-07,1581855,,1581855.0
2024-10-08,1356967,,1356967.0
2024-10-09,1415173,,1415173.0
2024-10-10,1314179,,1314179.0
2024-10-11,1242906,,1242906.0
2024-10-12,1047618,,1047618.0
2024-10-13,1063771,,1063771.0
2024-10-14,1887553,,1887553.0
2024-10-15,2015547,,2015547.0
2024-10-16,1431964,,1431964.0
2024-10-17,1279319,,1279319.0
2024-10-18,1804334,,1804334.0
2024-10-19,922683,,922683.0
2024-10-20,1245165,,1245165.0
2024-10-21,1312219,,1312219.0
2024-10-22,1254157,,1254157.0
2024-10-23,1325814,,1325814.0
2024-10-24,1566409,,1566409.0
2024-10-25,1847555,,1847555.0
2024-10-26,1556939,,1556939.0
2024-10-27,861683,,861683.0
2024-10-28,1536898,,1536898.0
2024-10-29,1698186,,1698186.0
2024-10-30,1790190,,1790190.0
2024-10-31,1539183,,1539183.0
2024-11-01,1745526,,1745526.0
2024-11-02,901939,,901939.0
2024-11-03,1300178,,1300178.0
2024-11-04,1338719,,1338719.0
2024-11-05,1320668,,1320668.0
2024-11-06,3178121,,3178121.0
2024-11-07,2601145,,2601145.0
2024-11-08,2146784,,2146784.0
2024-11-09,2266836,,2266836.0
2024-11-10,3459933,,3459933.0
2024-11-11,3970878,,3970878.0
2024-11-12,5624914,,5624914.0
2024-11-13,5106258,,5106258.0
2024-11-14,1498776,,1498776.0
2024-11-15,1685394,,1685394.0
2024-11-16,1108901,,1108901.0
2024-11-17,1173317,,1173317.0
2024-11-18,4106423,,4106423.0
2024-11-19,3896697,,3896697.0
2024-11-20,3338618,,3338618.0
2024-11-21,5359254,,5359254.0
2024-11-22,3692852,,3692852.0
2024-11-23,4163490,,4163490.0
2024-11-24,3677151,,3677151.0
2024-11-25,5852343,,5852343.0
2024-11-26,5436330,,5436330.0
2024-11-27,5199274,,5199274.0
2024-11-28,4144642,,4144642.0
2024-11-29,3872862,,3872862.0
2024-11-30,4156891,,4156891.0
2024-12-01,4222747,,4222747.0
2024-12-02,5668581,,5668581.0
2024-12-03,6488546,,6488546.0
2024-12-04,6387911,,6387911.0
2024-12-05,6336642,,6336642.0
2024-12-06,6287802,,6287802.0
2024-12-07,3109992,,3109992.0
2024-12-08,3496195,,3496195.0
2024-12-09,7840721,,7840721.0
2024-12-10,6472148,,6472148.0
2024-12-11,4130867,,4130867.0
2024-12-12,4727843,,4727843.0
2024-12-13,3713806,,3713806.0
2024-12-14,2935429,,2935429.0
2024-12-15,2883925,,2883925.0
2024-12-16,4730140,,4730140.0
2024-12-17,3701343,,3701343.0
2024-12-18,5591741,,5591741.0
2024-12-19,6006538,,6006538.0
2024-12-20,5692937,,5692937.0
2024-12-21,3141208,,3141208.0
2024-12-22,2526419,,2526419.0
2024-12-23,3641584,,3641584.0
2024-12-24,2903063,,2903063.0
2024-12-25,2206261,,2206261.0
2024-12-26,2194748,,2194748.0
2024-12-27,2609491,,2609491.0
2024-12-28,2304657,,2304657.0
2024-12-29,2006068,,2006068.0
2024-12-30,3229106,,3229106.0
2024-12-31,3228455,,3228455.0
2025-01-01,2960294,,2960294.0
2025-01-02,3602388,,3602388.0
2025-01-03,3639046,,3639046.0
2025-01-04,2681302,,2681302.0
2025-01-05,2454488,,2454488.0
2025-01-06,3485110,,3485110.0
2025-01-07,3802219,,3802219.0
2025-01-08,3453968,,3453968.0
2025-01-09,3253291,,3253291.0
2025-01-10,3206024,,3206024.0
2025-01-11,1698690,,1698690.0
2025-01-12,1538926,,1538926.0
2025-01-13,3633233,,3633233.0
2025-01-14,2574189,,2574189.0
2025-01-15,3683039,,3683039.0
2025-01-16,3179299,,3179299.0
2025-01-17,3385601,,3385601.0
2025-01-18,4431200,,4431200.0
2025-01-19,7250610,,7250610.0
2025-01-20,7890533,,7890533.0
2025-01-21,4512036,,4512036.0
2025-01-22,3056320,,3056320.0
2025-01-23,5261686,,5261686.0
2025-01-24,3635007,,3635007.0
2025-01-25,2489843,,2489843.0
2025-01-26,3100301,,3100301.0
2025-01-27,5173826,,5173826.0
2025-01-28,3703982,,3703982.0
2025-01-29,2953747,,2953747.0
2025-01-30,2636802,,2636802.0
2025-01-31,3614966,,3614966.0
2025-02-01,2550965,,2550965.0
2025-02-02,2938917,,2938917.0
2025-02-03,8033796,,8033796.0
2025-02-04,4356629,,4356629.0
2025-02-05,2643216,,2643216.0
2025-02-06,2810394,,2810394.0
2025-02-07,2698928,,2698928.0
2025-02-08,1552476,,1552476.0
2025-02-09,1905437,,1905437.0
2025-02-10,2201374,,2201374.0
2025-02-11,2082997,,2082997.0
2025-02-12,2770821,,2770821.0
2025-02-13,2290345,,2290345.0
2025-02-14,1996530,,1996530.0
2025-02-15,1263591,,1263591.0
2025-02-16,1024575,,1024575.0
2025-02-17,2265651,,2265651.0
2025-02-18,2382214,,2382214.0
2025-02-19,2583949,,2583949.0
2025-02-20,2057959,,2057959.0
2025-02-21,3247711,,3247711.0
2025-02-22,1514777,,1514777.0
2025-02-23,1429081,,1429081.0
2025-02-24,3224335,,3224335.0
2025-02-25,4525112,,4525112.0
2025-02-26,2828356,,2828356.0
2025-02-27,1863616,,1863616.0
2025-02-28,2740413,,2740413.0
2025-03-01,1137001,,1137001.0
2025-03-02,3236517,,3236517.0
2025-03-03,2673476,,2673476.0
2025-03-04,2838258,,2838258.0
2025-03-05,2571817,,2571817.0
2025-03-06,2075146,,2075146.0
2025-03-07,2761863,,2761863.0
2025-03-08,3140907,,3140907.0
2025-03-09,3179102,,3179102.0
2025-03-10,4232238,,4232238.0
2025-03-11,3106284,,3106284.0
2025-03-12,1666503,,1666503.0
2025-03-13,1194825,,1194825.0
2025-03-14,1176064,,1176064.0
2025-03-15,663385,,663385.0
2025-03-16,878401,,878401.0
2025-03-17,1190313,,1190313.0
2025-03-18,1063633,,1063633.0
2025-03-19,1271105,,1271105.0
2025-03-20,1140012,,1140012.0
2025-03-21,844331,,844331.0
2025-03-22,543324,,543324.0
2025-03-23,578903,,578903.0
2025-03-24,1175494,,1175494.0
2025-03-25,1045096,,1045096.0
2025-03-26,1307018,,1307018.0
2025-03-27,1115327,,1115327.0
2025-03-28,1219986,,1219986.0
2025-03-29,789423,,789423.0
2025-03-30,621624,,621624.0
2025-03-31,1013428,,1013428.0
2025-04-01,1035436,,1035436.0
2025-04-02,1709804,,1709804.0
2025-04-03,2025363,,2025363.0
2025-04-04,1420875,,1420875.0
2025-04-05,681599,,681599.0
2025-04-06,1851820,,1851820.0
2025-04-07,2693344,,2693344.0
2025-04-08,1425673,,1425673.0
2025-04-09,2238085,,2238085.0
2025-04-10,1809187,,1809187.0
2025-04-11,1411737,,1411737.0
2025-04-12,1235609,,1235609.0
2025-04-13,1383592,,1383592.0
2025-04-14,1503159,,1503159.0
2025-04-15,1274308,,1274308.0
2025-04-16,1584766,,1584766.0
2025-04-17,1219175,,1219175.0
2025-04-18,671390,,671390.0
2025-04-19,660364,,660364.0
2025-04-20,799325,,799325.0
2025-04-21,1270796,,1270796.0
2025-04-22,1905510,,1905510.0
2025-04-23,2136298,,2136298.0
2025-04-24,1398784,,1398784.0
2025-04-25,1487798,,1487798.0
2025-04-26,4762097,,4762097.0
2025-04-27,931490,,931490.0
2025-04-28,1318030,,1318030.0
2025-04-29,1045892,,1045892.0
2025-04-30,2838003,,2838003.0
2025-05-01,1296909,0.0,1296909.0
2025-05-02,1061131,0.0,1061131.0
2025-05-03,664184,0.0,664184.0
2025-05-04,731459,0.0,731459.0
2025-05-05,1078030,0.0,1078030.0
2025-05-06,1221482,0.0,1221482.0
2025-05-07,1228579,0.0,1228579.0
2025-05-08,2096192,0.0,2096192.0
2025-05-09,2902720,0.0,2902720.0
2025-05-10,2297359,0.0,2297359.0
2025-05-11,2176717,0.0,2176717.0
2025-05-12,4543704,0.0,4543704.0
2025-05-13,2420183,0.0,2420183.0
2025-05-14,2193616,0.0,2193616.0
2025-05-15,2304876,0.0,2304876.0
2025-05-16,1740864,0.0,1740864.0
2025-05-17,1175524,0.0,1175524.0
2025-05-18,2078770,0.0,2078770.0
2025-05-19,2505668,0.0,2505668.0
2025-05-20,2164381,0.0,2164381.0
2025-05-21,2990863,0.0,2990863.0
2025-05-22,2382787,0.0,2382787.0
2025-05-23,2712983,0.0,2712983.0
2025-05-24,1248531,0.0,1248531.0
2025-05-25,1226348,0.0,1226348.0
2025-05-26,1350354,0.0,1350354.0
2025-05-27,1738448,0.0,1738448.0
2025-05-28,1698557,0.0,1698557.0
2025-05-29,2425549,0.0,2425549.0
2025-05-30,2449757,0.0,2449757.0
2025-05-31,1331968,0.0,1331968.0
2025-06-01,1084129,0.0,1084129.0
2025-06-02,1465999,0.0,1465999.0
2025-06-03,1606006,0.0,1606006.0
2025-06-04,1455598,0.0,1455598.0
2025-06-05,2094295,0.0,2094295.0
2025-06-06,1488579,0.0,1488579.0
2025-06-07,904004,0.0,904004.0
2025-06-08,1019925,0.0,1019925.0
2025-06-09,1796903,0.0,1796903.0
2025-06-10,2599169,0.0,2599169.0
2025-06-11,2049956,0.0,2049956.0
2025-06-12,2342927,0.0,2342927.0
2025-06-13,2593737,0.0,2593737.0
2025-06-14,916536,0.0,916536.0
2025-06-15,879358,0.0,879358.0
2025-06-16,2010160,0.0,2010160.0
2025-06-17,1945872,0.0,1945872.0
2025-06-18,1614987,0.0,1614987.0
2025-06-19,1141442,0.0,1141442.0
2025-06-20,1554318,0.0,1554318.0
2025-06-21,1456444,0.0,1456444.0
2025-06-22,2214744,0.0,2214744.0
2025-06-23,2239663,0.0,2239663.0
2025-06-24,1591452,0.0,1591452.0
2025-06-25,1328980,0.0,1328980.0
2025-06-26,1410699,0.0,1410699.0
2025-06-27,1242044,0.0,1242044.0
2025-06-28,768644,0.0,768644.0
2025-06-29,973501,0.0,973501.0
2025-06-30,1295464,0.0,1295464.0
2025-07-01,1020716,0.0,1020716.0
2025-07-02,1177909,0.0,1177909.0
2025-07-03,1020642,0.0,1020642.0
2025-07-04,786670,0.0,786670.0
2025-07-05,646870,0.0,646870.0
2025-07-06,871098,0.0,871098.0
2025-07-07,971689,0.0,971689.0
2025-07-08,1037942,0.0,1037942.0
2025-07-09,1526774,0.0,1526774.0
2025-07-10,1862942,0.0,1862942.0
2025-07-11,2643122,0.0,2643122.0
2025-07-12,1560236,0.0,1560236.0
2025-07-13,1318171,0.0,1318171.0
2025-07-14,2097510,0.0,2097510.0
2025-07-15,2232918,0.0,2232918.0
2025-07-16,2383948,0.0,2383948.0
2025-07-17,2595072,0.0,2595072.0
2025-07-18,2898717,0.0,2898717.0
2025-07-19,1379992,0.0,1379992.0
2025-07-20,2021925,0.0,2021925.0
2025-07-21,2284157,0.0,2284157.0
2025-07-22,2386873,0.0,2386873.0
2025-07-23,2258914,0.0,2258914.0
2025-07-24,2422614,0.0,2422614.0
2025-07-25,2376900,0.0,2376900.0
2025-07-26,1439126,0.0,1439126.0
2025-07-27,1865758,0.0,1865758.0
2025-07-28,2108434,0.0,2108434.0
2025-07-29,2020371,0.0,2020371.0
2025-07-30,2075047,0.0,2075047.0
2025-07-31,2040781,0.0,2040781.0
2025-08-01,2576332,0.0,2576332.0
2025-08-02,1805015,0.0,1805015.0
2025-08-03,1137407,0.0,1137407.0
2025-08-04,1602388,0.0,1602388.0
2025-08-05,1857478,0.0,1857478.0
2025-08-06,1470283,0.0,1470283.0
2025-08-07,1979636,0.0,1979636.0
2025-08-08,2027379,0.0,2027379.0
2025-08-09,2385459,0.0,2385459.0
2025-08-10,2157802,0.0,2157802.0
2025-08-11,2661761,0.0,2661761.0
2025-08-12,2789896,0.0,2789896.0
2025-08-13,2757289,0.0,2757289.0
2025-08-14,3404482,0.0,3404482.0
2025-08-15,2347804,0.0,2347804.0
2025-08-16,1313198,0.0,1313198.0
2025-08-17,1610989,0.0,1610989.0
2025-08-18,2381381,0.0,2381381.0
2025-08-19,2165884,0.0,2165884.0
2025-08-20,2112756,0.0,2112756.0
2025-08-21,1620304,0.0,1620304.0
2025-08-22,3262853,0.0,3262853.0
2025-08-23,1761260,0.0,1761260.0
2025-08-24,2387202,0.0,2387202.0
2025-08-25,3159763,0.0,3159763.0
2025-08-26,2383687,0.0,2383687.0
2025-08-27,2524553,0.0,2524553.0
2025-08-28,1732270,0.0,1732270.0
2025-08-29,2285438,0.0,2285438.0
2025-08-30,1135770,0.0,1135770.0
2025-08-31,1195080,0.0,1195080.0
2025-09-01,3048743,0.0,3048743.0
2025-09-02,2248761,0.0,2248761.0
2025-09-03,1560700,0.0,1560700.0
2025-09-04,1908037,0.0,1908037.0
2025-09-05,2257809,0.0,2257809.0
2025-09-06,1112574,0.0,1112574.0
2025-09-07,965159,0.0,965159.0
2025-09-08,1716317,0.0,1716317.0
2025-09-09,1973347,0.0,1973347.0
2025-09-10,2050211,0.0,2050211.0
2025-09-11,1767081,0.0,1767081.0
2025-09-12,1872630,0.0,1872630.0
2025-09-13,1563087,0.0,1563087.0
2025-09-14,1213131,0.0,1213131.0
2025-09-15,2156707,0.0,2156707.0
2025-09-16,1745566,0.0,1745566.0
2025-09-17,2290350,0.0,2290350.0
2025-09-18,1880955,0.0,1880955.0
2025-09-19,1828189,0.0,1828189.0
2025-09-20,1476692,0.0,1476692.0
2025-09-21,1516519,0.0,1516519.0
2025-09-22,3152904,0.0,3152904.0
2025-09-23,1920445,0.0,1920445.0
2025-09-24,2147600,0.0,2147600.0
2025-09-25,3295302,0.0,3295302.0
2025-09-26,2715669,0.0,2715669.0
2025-09-27,2074191,0.0,2074191.0
2025-09-28,1820098,0.0,1820098.0
2025-09-29,2324005,0.0,2324005.0
2025-09-30,2148848,0.0,2148848.0
2025-10-01,2209455,0.0,2209455.0
2025-10-02,2185470,0.0,2185470.0
2025-10-03,2453627,0.0,2453627.0
2025-10-04,1472724,0.0,1472724.0
2025-10-05,1870615,0.0,1870615.0
2025-10-06,2725146,0.0,2725146.0
2025-10-07,3112826,0.0,3112826.0
2025-10-08,2351701,0.0,2351701.0
2025-10-09,3216288,0.0,3216288.0
2025-10-10,7234518,0.0,7234518.0
2025-10-11,3630666,0.0,3630666.0
2025-10-12,3288632,0.0,3288632.0
2025-10-13,2914325,0.0,2914325.0
2025-10-14,3334692,0.0,3334692.0
2025-10-15,2681665,0.0,2681665.0
2025-10-16,2596977,0.0,2596977.0
2025-10-17,2879728,0.0,2879728.0
2025-10-18,1216282,0.0,1216282.0
2025-10-19,1651156,0.0,1651156.0
2025-10-20,2155752,0.0,2155752.0
2025-10-21,3300244,0.0,3300244.0
2025-10-22,2326557,0.0,2326557.0
2025-10-23,1939636,0.0,1939636.0
2025-10-24,2236972,0.0,2236972.0
2025-10-25,2042267,0.0,2042267.0
2025-10-26,2177351,0.0,2177351.0
2025-10-27,2555884,0.0,2555884.0
2025-10-28,2178247,0.0,2178247.0
2025-10-29,2281498,0.0,2281498.0
2025-10-30,2559590,0.0,2559590.0
2025-10-31,1838772,0.0,1838772.0
2025-11-01,710672,0.0,710672.0
2025-11-02,1187057,0.0,1187057.0
2025-11-03,2418750,0.0,2418750.0
2025-11-04,3622675,0.0,3622675.0
2025-11-05,2084842,0.0,2084842.0
2025-11-06,1863904,0.0,1863904.0
2025-11-07,2665820,0.0,2665820.0
2025-11-08,1688305,0.0,1688305.0
2025-11-09,1596668,0.0,1596668.0
2025-11-10,1991510,0.0,1991510.0
2025-11-11,2246528,0.0,2246528.0
2025-11-12,2315060,0.0,2315060.0
2025-11-13,2927940,0.0,2927940.0
2025-11-14,2842512,0.0,2842512.0
2025-11-15,918026,0.0,918026.0
2025-11-16,1751729,0.0,1751729.0
2025-11-17,2498560,0.0,2498560.0
2025-11-18,2518686,0.0,2518686.0
2025-11-19,1900661,0.0,1900661.0
2025-11-20,2205169,0.0,2205169.0
2025-11-21,2599200,0.0,2599200.0
2025-11-22,1297939,0.0,1297939.0
2025-11-23,1198390,0.0,1198390.0
2025-11-24,1789324,0.0,1789324.0
2025-11-25,1275243,0.0,1275243.0
2025-11-26,1614054,0.0,1614054.0
2025-11-27,1122842,0.0,1122842.0
2025-11-28,1288217,0.0,1288217.0
2025-11-29,793182,0.0,793182.0
2025-11-30,764349,0.0,764349.0
2025-12-01,1663781,0.0,1663781.0
2025-12-02,1442178,0.0,1442178.0
2025-12-03,1607143,0.0,1607143.0
2025-12-04,1446177,0.0,1446177.0
2025-12-05,1259133,0.0,1259133.0
2025-12-06,639690,0.0,639690.0
2025-12-07,1129736,0.0,1129736.0
2025-12-08,1226610,0.0,1226610.0
2025-12-09,1363992,0.0,1363992.0
2025-12-10,1633521,0.0,1633521.0
2025-12-11,2004809,0.0,2004809.0
2025-12-12,1226471,0.0,1226471.0
2025-12-13,626659,0.0,626659.0
2025-12-14,790649,0.0,790649.0
2025-12-15,1537390,0.0,1537390.0
2025-12-16,1311833,0.0,1311833.0
2025-12-17,1464398,0.0,1464398.0
2025-12-18,1479400,0.0,1479400.0
2025-12-19,1268218,0.0,1268218.0
2025-12-20,509487,0.0,509487.0
2025-12-21,734621,0.0,734621.0
2025-12-22,1269889,0.0,1269889.0
2025-12-23,892301,0.0,892301.0
2025-12-24,707023,0.0,707023.0
2025-12-25,605529,0.0,605529.0
2025-12-26,975020,0.0,975020.0
2025-12-27,472120,0.0,472120.0
2025-12-28,408909,14988.0,393921.0
2025-12-29,942705,48901.0,893804.0
2025-12-30,668014,27270.0,640744.0
2025-12-31,504296,19644.0,484652.0
2026-01-01,308013,10479.0,297534.0
2026-01-02,887229,51400.0,835829.0
2026-01-03,1012499,18887.0,993612.0
2026-01-04,597407,23365.0,574042.0
2026-01-05,1038917,56739.0,982178.0
2026-01-06,1159009,65446.0,1093563.0
2026-01-07,947319,46207.0,901112.0
2026-01-08,948139,51284.0,896855.0
2026-01-09,990101,54172.0,935929.0
2026-01-10,414906,6673.0,408233.0
2026-01-11,635112,24162.0,610950.0
2026-01-12,1004367,45818.0,958549.0
2026-01-13,1733266,62063.0,1671203.0
2026-01-14,1206896,63276.0,1143620.0
2026-01-15,1628009,55950.0,1572059.0
2026-01-16,667804,27124.0,640680.0
2026-01-17,389844,11770.0,378074.0
2026-01-18,552870,22846.0,530024.0
2026-01-19,887992,37138.0,850854.0
2026-01-20,1166784,57496.0,1109288.0
2026-01-21,1555351,66877.0,1488474.0
2026-01-22,1513761,37154.0,1476607.0
2026-01-23,843557,31705.0,811852.0
2026-01-24,896852,5521.0,891331.0
2026-01-25,933077,57084.0,875993.0
2026-01-26,965304,46294.0,919010.0
2026-01-27,977821,38787.0,939034.0
2026-01-28,1034633,34964.0,999669.0
2026-01-29,1204698,52697.0,1152001.0
2026-01-30,2084038,69917.0,2014121.0
2026-01-31,2943567,179020.0,2764547.0
2026-02-01,2189344,97222.0,2092122.0
2026-02-02,1970182,88036.0,1882146.0
2026-02-03,2016851,73509.0,1943342.0
2026-02-04,2027729,72112.0,1955617.0
2026-02-05,3771483,186517.0,3584966.0
2026-02-06,2802562,150982.0,2651580.0
2026-02-07,1809014,62214.0,1746800.0
2026-02-08,1026500,41306.0,985194.0
2026-02-09,1241101,41553.0,1199548.0
2026-02-10,1624981,26226.0,1598755.0
2026-02-11,1313803,42919.0,1270884.0
2026-02-12,1025061,31826.0,993235.0
2026-02-13,1490066,17462.0,1472604.0
2026-02-14,1197845,13617.0,1184228.0
2026-02-15,963283,26708.0,936575.0
2026-02-16,652032,4441.0,647591.0
2026-02-17,1188337,6898.0,1181439.0
2026-02-18,913624,28495.0,885129.0
2026-02-19,819580,18908.0,800672.0
2026-02-20,870306,26094.0,844212.0
2026-02-21,402006,10214.0,391792.0
2026-02-22,420345,10616.0,409729.0
2026-02-23,733419,16577.0,716842.0
2026-02-24,711739,19716.0,692023.0
2026-02-25,1192195,38346.0,1153849.0
2026-02-26,816315,29041.0,787274.0
2026-02-27,1011826,29952.0,981874.0
2026-02-28,929116,21265.0,907851.0
2026-03-01,996295,25817.0,970478.0
2026-03-02,1465180,62133.0,1403047.0
2026-03-03,1061491,30641.0,1030850.0
2026-03-04,1364382,41921.0,1322461.0
2026-03-05,995647,20559.0,975088.0
2026-03-06,793628,23133.0,770495.0
2026-03-07,308995,8653.0,300342.0
2026-03-08,679997,127208.0,552789.0
2026-03-09,757498,134359.0,623139.0
2026-03-10,1034063,181689.0,852374.0
2026-03-11,905299,152459.0,752840.0
2026-03-12,1059093,178464.0,880629.0
2026-03-13,1204170,216843.0,987327.0
2026-03-14,307541,52258.0,255283.0
2026-03-15,570725,96102.0,474623.0
2026-03-16,1182265,213908.0,968357.0
2026-03-17,819419,133161.0,686258.0
2026-03-18,808844,142739.0,666105.0
2026-03-19,911810,165381.0,746429.0
2026-03-20,634508,103417.0,531091.0
2026-03-21,229525,34154.0,195371.0
2026-03-22,653947,123015.0,530932.0
2026-03-23,1442402,265686.0,1176716.0
2026-03-24,710767,122122.0,588645.0
