date,totalLiquidityUSD
2021-05-06 00:00:00,139686730
2021-05-07 00:00:00,372656653
2021-05-08 00:00:00,504876139
2021-05-09 00:00:00,566952033
2021-05-10 00:00:00,613204309
2021-05-11 00:00:00,598865064
2021-05-12 00:00:00,741163453
2021-05-13 00:00:00,866563488
2021-05-14 00:00:00,912235199
2021-05-15 00:00:00,975215012
2021-05-16 00:00:00,965159223
2021-05-17 00:00:00,973668967
2021-05-18 00:00:00,975205798
2021-05-19 00:00:00,1073811846
2021-05-20 00:00:00,827884937
2021-05-21 00:00:00,1004326599
2021-05-22 00:00:00,900498715
2021-05-23 00:00:00,925239595
2021-05-24 00:00:00,869107504
2021-05-25 00:00:00,1234628937
2021-05-26 00:00:00,1406298771
2021-05-27 00:00:00,1532395537
2021-05-28 00:00:00,1507459895
2021-05-29 00:00:00,1505744250
2021-05-30 00:00:00,1479217746
2021-05-31 00:00:00,1570967805
2021-06-01 00:00:00,1729984308
2021-06-02 00:00:00,1721968783
2021-06-03 00:00:00,1764040296
2021-06-04 00:00:00,1830731569
2021-06-05 00:00:00,1772040655
2021-06-06 00:00:00,1736720171
2021-06-07 00:00:00,1788002282
2021-06-08 00:00:00,1663844729
2021-06-09 00:00:00,1698260293
2021-06-10 00:00:00,1757131839
2021-06-11 00:00:00,1718742739
2021-06-12 00:00:00,1626465840
2021-06-13 00:00:00,1604866369
2021-06-14 00:00:00,1706217725
2021-06-15 00:00:00,1724347689
2021-06-16 00:00:00,1728282855
2021-06-17 00:00:00,1658369440
2021-06-18 00:00:00,1671027137
2021-06-19 00:00:00,1625533827
2021-06-20 00:00:00,1611485030
2021-06-21 00:00:00,1661331979
2021-06-22 00:00:00,1419003617
2021-06-23 00:00:00,1435108526
2021-06-24 00:00:00,1506812759
2021-06-25 00:00:00,1458883719
2021-06-26 00:00:00,1405450419
2021-06-27 00:00:00,1360761842
2021-06-28 00:00:00,1467021519
2021-06-29 00:00:00,1514449842
2021-06-30 00:00:00,1593192655
2021-07-01 00:00:00,1614836449
2021-07-02 00:00:00,1581465482
2021-07-03 00:00:00,1602442421
2021-07-04 00:00:00,1621263629
2021-07-05 00:00:00,1641695118
2021-07-06 00:00:00,1615030873
2021-07-07 00:00:00,1631431581
2021-07-08 00:00:00,1611867249
2021-07-09 00:00:00,1559066585
2021-07-10 00:00:00,1594613243
2021-07-12 00:00:00,1592243506
2021-07-14 00:00:00,1502570190
2021-07-15 00:00:00,1499464405
2021-07-16 00:00:00,1468297064
2021-07-17 00:00:00,1486459504
2021-07-18 00:00:00,1510156403
2021-07-19 00:00:00,1518040686
2021-07-20 00:00:00,1475740544
2021-07-21 00:00:00,1458607850
2021-07-22 00:00:00,1556665161
2021-07-23 00:00:00,1604827322
2021-07-24 00:00:00,1660492404
2021-07-25 00:00:00,1619617290
2021-07-26 00:00:00,1631921233
2021-07-27 00:00:00,1660738067
2021-07-28 00:00:00,1697684997
2021-07-29 00:00:00,1750174806
2021-07-30 00:00:00,1791892507
2021-07-31 00:00:00,1824043910
2021-08-01 00:00:00,1820496609
2021-08-02 00:00:00,1792884160
2021-08-03 00:00:00,1919924961
2021-08-04 00:00:00,1880825268
2021-08-05 00:00:00,1975845979
2021-08-07 00:00:00,2092661478
2021-08-08 00:00:00,2178302091
2021-08-09 00:00:00,2155282597
2021-08-10 00:00:00,2095998503
2021-08-11 00:00:00,2112238877
2021-08-12 00:00:00,2141166856
2021-08-13 00:00:00,2113393889
2021-08-14 00:00:00,2225399582
2021-08-15 00:00:00,2341412357
2021-08-16 00:00:00,2366843132
2021-08-17 00:00:00,2308223136
2021-08-18 00:00:00,2255982765
2021-08-19 00:00:00,2286539156
2021-08-20 00:00:00,2378434289
2021-08-21 00:00:00,2446061765
2021-08-22 00:00:00,2477381548
2021-08-23 00:00:00,2531069597
2021-08-24 00:00:00,2605270051
2021-08-25 00:00:00,2541158928
2021-08-26 00:00:00,2583202178
2021-08-27 00:00:00,2544350366
2021-08-28 00:00:00,2621262209
2021-08-29 00:00:00,2622385291
2021-08-30 00:00:00,2651603002
2021-08-31 00:00:00,2635656012
2021-09-01 00:00:00,2713882472
2021-09-02 00:00:00,2652792633
2021-09-03 00:00:00,2616625823
2021-09-04 00:00:00,2629019669
2021-09-05 00:00:00,2646046429
2021-09-06 00:00:00,2673326254
2021-09-07 00:00:00,2632780301
2021-09-08 00:00:00,2226947300
2021-09-09 00:00:00,2246048095
2021-09-10 00:00:00,2247574635
2021-09-11 00:00:00,2137937645
2021-09-12 00:00:00,2179459580
2021-09-13 00:00:00,2308560872
2021-09-14 00:00:00,2252474271
2021-09-15 00:00:00,2344204875
2021-09-16 00:00:00,2431998411
2021-09-17 00:00:00,2440029855
2021-09-18 00:00:00,2445356814
2021-09-19 00:00:00,2460922296
2021-09-20 00:00:00,2454888286
2021-09-21 00:00:00,2251752420
2021-09-22 00:00:00,2166488958
2021-09-23 00:00:00,2347064111
2021-09-24 00:00:00,2411293245
2021-09-25 00:00:00,2332522117
2021-09-26 00:00:00,2347660611
2021-09-27 00:00:00,2404296524
2021-09-28 00:00:00,2404296524
2021-09-29 00:00:00,2316805580
2021-09-30 00:00:00,2354487301
2021-10-01 00:00:00,2430865513
2021-10-02 00:00:00,2572235832
2021-10-03 00:00:00,2613577734
2021-10-04 00:00:00,2611486703
2021-10-05 00:00:00,2586606866
2021-10-06 00:00:00,2635555497
2021-10-07 00:00:00,2657358621
2021-10-08 00:00:00,2682356045
2021-10-09 00:00:00,2718207813
2021-10-10 00:00:00,2706775550
2021-10-11 00:00:00,2657870852
2021-10-12 00:00:00,2679035199
2021-10-13 00:00:00,2662619890
2021-10-14 00:00:00,2725575023
2021-10-15 00:00:00,2776438680
2021-10-16 00:00:00,2863033742
2021-10-17 00:00:00,2860716997
2021-10-18 00:00:00,2922407368
2021-10-19 00:00:00,2898965538
2021-10-20 00:00:00,2964521809
2021-10-21 00:00:00,3099652952
2021-10-22 00:00:00,3091813771
2021-10-23 00:00:00,3029588994
2021-10-24 00:00:00,3103848922
2021-10-25 00:00:00,3090052539
2021-10-26 00:00:00,3170590019
2021-10-27 00:00:00,3100435004
2021-10-28 00:00:00,3083143461
2021-10-29 00:00:00,3212864535
2021-10-30 00:00:00,3345791354
2021-10-31 00:00:00,3333810536
2021-11-01 00:00:00,3361279786
2021-11-02 00:00:00,3385489160
2021-11-03 00:00:00,3454326680
2021-11-04 00:00:00,3502690488
2021-11-05 00:00:00,3413109845
2021-11-06 00:00:00,3428968331
2021-11-07 00:00:00,3494173660
2021-11-08 00:00:00,3685087056
2021-11-09 00:00:00,3832880866
2021-11-10 00:00:00,3822310284
2021-11-11 00:00:00,3775121744
2021-11-12 00:00:00,3837571491
2021-11-13 00:00:00,3908255996
2021-11-14 00:00:00,3904597559
2021-11-15 00:00:00,3922578668
2021-11-16 00:00:00,3872522366
2021-11-17 00:00:00,3706754118
2021-11-18 00:00:00,3804609599
2021-11-19 00:00:00,3622867407
2021-11-20 00:00:00,3874654438
2021-11-21 00:00:00,3982629515
2021-11-22 00:00:00,3920507642
2021-11-23 00:00:00,3821922010
2021-11-24 00:00:00,3930299022
2021-11-25 00:00:00,3915355781
2021-11-26 00:00:00,4047062382
2021-11-27 00:00:00,3669013538
2021-11-28 00:00:00,3778446998
2021-11-29 00:00:00,3805643445
2021-11-30 00:00:00,3959834183
2021-12-01 00:00:00,3947892988
2021-12-02 00:00:00,3964242892
2021-12-03 00:00:00,3973844554
2021-12-04 00:00:00,3907277391
2021-12-05 00:00:00,3841418681
2021-12-06 00:00:00,3838949217
2021-12-07 00:00:00,3995386294
2021-12-08 00:00:00,3997659196
2021-12-09 00:00:00,4088755555
2021-12-10 00:00:00,3951846349
2021-12-11 00:00:00,3883675918
2021-12-12 00:00:00,3985820580
2021-12-13 00:00:00,4058920845
2021-12-14 00:00:00,3833821407
2021-12-15 00:00:00,3760064485
2021-12-16 00:00:00,3878880151
2021-12-17 00:00:00,3831097334
2021-12-18 00:00:00,3794887054
2021-12-19 00:00:00,3882713814
2021-12-20 00:00:00,3899100008
2021-12-21 00:00:00,3917391422
2021-12-22 00:00:00,4011505385
2021-12-23 00:00:00,4021224381
2021-12-24 00:00:00,4057741918
2021-12-25 00:00:00,3996037032
2021-12-26 00:00:00,4042599504
2021-12-27 00:00:00,4059891374
2021-12-28 00:00:00,4036793227
2021-12-29 00:00:00,3875940434
2021-12-30 00:00:00,3796150174
2021-12-31 00:00:00,3788960493
2022-01-01 00:00:00,3750411514
2022-01-02 00:00:00,3842221656
2022-01-03 00:00:00,3959216645
2022-01-04 00:00:00,4276464587
2022-01-05 00:00:00,4046639082
2022-01-06 00:00:00,3837368276
2022-01-07 00:00:00,3794332004
2022-01-08 00:00:00,3545808783
2022-01-09 00:00:00,3521505116
2022-01-10 00:00:00,3829807728
2022-01-11 00:00:00,3546807035
2022-01-12 00:00:00,3687854789
2022-01-13 00:00:00,3666917074
2022-01-14 00:00:00,3552840451
2022-01-15 00:00:00,3647130930
2022-01-16 00:00:00,3675554959
2022-01-17 00:00:00,3751639076
2022-01-18 00:00:00,3665651313
2022-01-19 00:00:00,3816596530
2022-01-20 00:00:00,3777678876
2022-01-21 00:00:00,3719077696
2022-01-22 00:00:00,3221681925
2022-01-23 00:00:00,3079855413
2022-01-24 00:00:00,3191449043
2022-01-25 00:00:00,2953939171
2022-01-26 00:00:00,3099400199
2022-01-27 00:00:00,3056203831
2022-01-28 00:00:00,3047422102
2022-01-29 00:00:00,3292648188
2022-01-30 00:00:00,3385565956
2022-01-31 00:00:00,3363155338
2022-02-01 00:00:00,3437140324
2022-02-02 00:00:00,3551072750
2022-02-03 00:00:00,3514397499
2022-02-04 00:00:00,3550600182
2022-02-05 00:00:00,3711960658
2022-02-06 00:00:00,3901574689
2022-02-07 00:00:00,3973209727
2022-02-08 00:00:00,3977241756
2022-02-09 00:00:00,3973216562
2022-02-10 00:00:00,4058958743
2022-02-11 00:00:00,3970686141
2022-02-12 00:00:00,3853179400
2022-02-13 00:00:00,3873799290
2022-02-14 00:00:00,3938181762
2022-02-15 00:00:00,4006620771
2022-02-16 00:00:00,4218652807
2022-02-17 00:00:00,4296906251
2022-02-18 00:00:00,4181040395
2022-02-19 00:00:00,4101964111
2022-02-20 00:00:00,3971998495
2022-02-21 00:00:00,3876157522
2022-02-22 00:00:00,3795169739
2022-02-23 00:00:00,3844258588
2022-02-24 00:00:00,3820596117
2022-02-25 00:00:00,3791562661
2022-02-26 00:00:00,3944389321
2022-02-27 00:00:00,3953896123
2022-02-28 00:00:00,3880167515
2022-03-01 00:00:00,4123661196
2022-03-02 00:00:00,4293210117
2022-03-03 00:00:00,4303475936
2022-03-04 00:00:00,4232901330
2022-03-05 00:00:00,4041175240
2022-03-06 00:00:00,4111098003
2022-03-07 00:00:00,3997452029
2022-03-08 00:00:00,3947662243
2022-03-09 00:00:00,3977983206
2022-03-10 00:00:00,4089909661
2022-03-11 00:00:00,4031926060
2022-03-12 00:00:00,4010666889
2022-03-13 00:00:00,4031277194
2022-03-14 00:00:00,3961843122
2022-03-15 00:00:00,4013069691
2022-03-16 00:00:00,4026895152
2022-03-17 00:00:00,4703544490
2022-03-18 00:00:00,4173203838
2022-03-19 00:00:00,4280473237
2022-03-20 00:00:00,4331679438
2022-03-21 00:00:00,4258601217
2022-03-22 00:00:00,4267933065
2022-03-23 00:00:00,4392820530
2022-03-24 00:00:00,4339168121
2022-03-25 00:00:00,4238223384
2022-03-26 00:00:00,4215656443
2022-03-27 00:00:00,4245313679
2022-03-28 00:00:00,4353658010
2022-03-29 00:00:00,4339402247
2022-03-30 00:00:00,4411781538
2022-03-31 00:00:00,4470368953
2022-04-01 00:00:00,4391217448
2022-04-02 00:00:00,4497062557
2022-04-03 00:00:00,4492805909
2022-04-04 00:00:00,4549340262
2022-04-05 00:00:00,4559711026
2022-04-06 00:00:00,4537385655
2022-04-07 00:00:00,4432527772
2022-04-08 00:00:00,4507493099
2022-04-09 00:00:00,4400570571
2022-04-10 00:00:00,4497570106
2022-04-11 00:00:00,4451101438
2022-04-12 00:00:00,4189676618
2022-04-13 00:00:00,4260767211
2022-04-14 00:00:00,4324467411
2022-04-15 00:00:00,4276899540
2022-04-16 00:00:00,4243385196
2022-04-17 00:00:00,4260686434
2022-04-18 00:00:00,4200405697
2022-04-19 00:00:00,4258204718
2022-04-20 00:00:00,4304021067
2022-04-21 00:00:00,4299193244
2022-04-22 00:00:00,4216466389
2022-04-23 00:00:00,4215102154
2022-04-24 00:00:00,4196619684
2022-04-25 00:00:00,4187197445
2022-04-26 00:00:00,4289237261
2022-04-27 00:00:00,4134252151
2022-04-28 00:00:00,4214621929
2022-04-29 00:00:00,4235664075
2022-04-30 00:00:00,4128351127
2022-05-01 00:00:00,4040516783
2022-05-02 00:00:00,4122864780
2022-05-03 00:00:00,4153194206
2022-05-04 00:00:00,4108909932
2022-05-05 00:00:00,4268844600
2022-05-06 00:00:00,4138438892
2022-05-07 00:00:00,4145005213
2022-05-08 00:00:00,4137145454
2022-05-09 00:00:00,4026448463
2022-05-10 00:00:00,3615253487
2022-05-11 00:00:00,3671915112
2022-05-12 00:00:00,3289260903
2022-05-13 00:00:00,3494954181
2022-05-14 00:00:00,3657429510
2022-05-15 00:00:00,3738041559
2022-05-16 00:00:00,3783941706
2022-05-17 00:00:00,3721528285
2022-05-18 00:00:00,3819881178
2022-05-19 00:00:00,3657134958
2022-05-20 00:00:00,3854560321
2022-05-21 00:00:00,3971835246
2022-05-22 00:00:00,3994818876
2022-05-23 00:00:00,4069907952
2022-05-24 00:00:00,4001576076
2022-05-25 00:00:00,4023412418
2022-05-26 00:00:00,3993612208
2022-05-27 00:00:00,3881225222
2022-05-28 00:00:00,3796908507
2022-05-29 00:00:00,3902045765
2022-05-30 00:00:00,3913899220
2022-05-31 00:00:00,4061027301
2022-06-01 00:00:00,4069702933
2022-06-02 00:00:00,3950142913
2022-06-03 00:00:00,4020844635
2022-06-04 00:00:00,3982698298
2022-06-05 00:00:00,3562047948
2022-06-06 00:00:00,3583309765
2022-06-07 00:00:00,3692837794
2022-06-08 00:00:00,3718156041
2022-06-09 00:00:00,3775155558
2022-06-10 00:00:00,3794817143
2022-06-11 00:00:00,3693864354
2022-06-12 00:00:00,3471926667
2022-06-13 00:00:00,3326902376
2022-06-14 00:00:00,3017849793
2022-06-15 00:00:00,2986534739
2022-06-16 00:00:00,3027772697
2022-06-17 00:00:00,3013497180
2022-06-18 00:00:00,3089646251
2022-06-19 00:00:00,2916223944
2022-06-20 00:00:00,2986017757
2022-06-21 00:00:00,3036748766
2022-06-22 00:00:00,3063625573
2022-06-23 00:00:00,3007216177
2022-06-24 00:00:00,3151094151
2022-06-25 00:00:00,3251721366
2022-06-26 00:00:00,3273651285
2022-06-27 00:00:00,3242844235
2022-06-28 00:00:00,3221655485
2022-06-29 00:00:00,3186741840
2022-06-30 00:00:00,3110558054
2022-07-01 00:00:00,3057892019
2022-07-02 00:00:00,3159685048
2022-07-03 00:00:00,3201842368
2022-07-04 00:00:00,3244474772
2022-07-05 00:00:00,3276761776
2022-07-06 00:00:00,3260726889
2022-07-07 00:00:00,3304571423
2022-07-08 00:00:00,3327902423
2022-07-09 00:00:00,3307115609
2022-07-10 00:00:00,3367692944
2022-07-11 00:00:00,3195766344
2022-07-12 00:00:00,3092786177
2022-07-13 00:00:00,3056656575
2022-07-14 00:00:00,3056656575
2022-07-15 00:00:00,3151794419
2022-07-16 00:00:00,3193594038
2022-07-17 00:00:00,3300627100
2022-07-18 00:00:00,3438688948
2022-07-19 00:00:00,3727350166
2022-07-20 00:00:00,3685931523
2022-07-21 00:00:00,3617504216
2022-07-22 00:00:00,3615727554
2022-07-23 00:00:00,3771313201
2022-07-24 00:00:00,3850361747
2022-07-25 00:00:00,4506178744
2022-07-26 00:00:00,3806631022
2022-07-27 00:00:00,3919218648
2022-07-28 00:00:00,4055735168
2022-07-29 00:00:00,4127183340
2022-07-30 00:00:00,4160136405
2022-07-31 00:00:00,4162260645
2022-08-01 00:00:00,4134000278
2022-08-02 00:00:00,4117369376
2022-08-03 00:00:00,3987290488
2022-08-04 00:00:00,4007523879
2022-08-05 00:00:00,4682150805
2022-08-06 00:00:00,4182827090
2022-08-07 00:00:00,4169817268
2022-08-08 00:00:00,4823858299
2022-08-09 00:00:00,4102883141
2022-08-10 00:00:00,4044901973
2022-08-11 00:00:00,4199464036
2022-08-12 00:00:00,4226174464
2022-08-13 00:00:00,4035499048
2022-08-14 00:00:00,3966211130
2022-08-15 00:00:00,3927080293
2022-08-16 00:00:00,3937443450
2022-08-17 00:00:00,3918190684
2022-08-18 00:00:00,3881560910
2022-08-19 00:00:00,3862884079
2022-08-20 00:00:00,3686348993
2022-08-21 00:00:00,3581705977
2022-08-22 00:00:00,3649395397
2022-08-23 00:00:00,3576171140
2022-08-24 00:00:00,3583084778
2022-08-25 00:00:00,3638353180
2022-08-26 00:00:00,3696260355
2022-08-27 00:00:00,3574920699
2022-08-28 00:00:00,3519471175
2022-08-29 00:00:00,3459764067
2022-08-30 00:00:00,3654760670
2022-08-31 00:00:00,3638446960
2022-09-01 00:00:00,3518009023
2022-09-02 00:00:00,3666969504
2022-09-03 00:00:00,3666196477
2022-09-04 00:00:00,3667937499
2022-09-05 00:00:00,3587192272
2022-09-06 00:00:00,3539372304
2022-09-07 00:00:00,3437550846
2022-09-08 00:00:00,3432171258
2022-09-09 00:00:00,3451042899
2022-09-10 00:00:00,3510329629
2022-09-11 00:00:00,3568862183
2022-09-12 00:00:00,3474072972
2022-09-13 00:00:00,3405680816
2022-09-14 00:00:00,3322135456
2022-09-15 00:00:00,3176303700
2022-09-16 00:00:00,3159800869
2022-09-17 00:00:00,3186644758
2022-09-18 00:00:00,3276733399
2022-09-19 00:00:00,3191530198
2022-09-20 00:00:00,3258508291
2022-09-21 00:00:00,3194035907
2022-09-22 00:00:00,3112171362
2022-09-23 00:00:00,3304761102
2022-09-24 00:00:00,3303731711
2022-09-25 00:00:00,3305323614
2022-09-26 00:00:00,3281664532
2022-09-27 00:00:00,3366265557
2022-09-28 00:00:00,3353043972
2022-09-29 00:00:00,3368279020
2022-09-30 00:00:00,3380098543
2022-10-01 00:00:00,3386676896
2022-10-02 00:00:00,3365511625
2022-10-03 00:00:00,3306426067
2022-10-04 00:00:00,3330623655
2022-10-05 00:00:00,3373174947
2022-10-06 00:00:00,3364661837
2022-10-07 00:00:00,3329515062
2022-10-08 00:00:00,3327940829
2022-10-09 00:00:00,3313571027
2022-10-10 00:00:00,3347906956
2022-10-11 00:00:00,3289100934
2022-10-12 00:00:00,3311430461
2022-10-13 00:00:00,3284537230
2022-10-14 00:00:00,2907112190
2022-10-15 00:00:00,2917533126
2022-10-16 00:00:00,2933314676
2022-10-17 00:00:00,2973175723
2022-10-18 00:00:00,2990562207
2022-10-19 00:00:00,3041221072
2022-10-20 00:00:00,2860684734
2022-10-21 00:00:00,2855580325
2022-10-22 00:00:00,2941557286
2022-10-23 00:00:00,2952914534
2022-10-24 00:00:00,2987550716
2022-10-25 00:00:00,2978494757
2022-10-26 00:00:00,3034415398
2022-10-27 00:00:00,3128858005
2022-10-28 00:00:00,3080949916
2022-10-29 00:00:00,3037345168
2022-10-30 00:00:00,3043455769
2022-10-31 00:00:00,3096390138
2022-11-01 00:00:00,3062087658
2022-11-02 00:00:00,3083975359
2022-11-03 00:00:00,3004186127
2022-11-04 00:00:00,3029650663
2022-11-05 00:00:00,3164799608
2022-11-06 00:00:00,3187729869
2022-11-07 00:00:00,3245368744
2022-11-08 00:00:00,3299832496
2022-11-09 00:00:00,3024713084
2022-11-10 00:00:00,2769983151
2022-11-11 00:00:00,2918999651
2022-11-12 00:00:00,2878909941
2022-11-13 00:00:00,2838004865
2022-11-14 00:00:00,2802603214
2022-11-15 00:00:00,2843682523
2022-11-16 00:00:00,2865565567
2022-11-17 00:00:00,2854705640
2022-11-18 00:00:00,2831654586
2022-11-19 00:00:00,2838322778
2022-11-20 00:00:00,2844439122
2022-11-21 00:00:00,2799727937
2022-11-22 00:00:00,2773887608
2022-11-23 00:00:00,2837912464
2022-11-24 00:00:00,2604158152
2022-11-25 00:00:00,2617271892
2022-11-26 00:00:00,2613257153
2022-11-27 00:00:00,2606155265
2022-11-28 00:00:00,2514148801
2022-11-29 00:00:00,2513692679
2022-11-30 00:00:00,2594133036
2022-12-01 00:00:00,2524754660
2022-12-02 00:00:00,2540741773
2022-12-03 00:00:00,2537862525
2022-12-04 00:00:00,2517968053
2022-12-05 00:00:00,2550297647
2022-12-06 00:00:00,2546034641
2022-12-07 00:00:00,2564024885
2022-12-08 00:00:00,2541665750
2022-12-09 00:00:00,2598069028
2022-12-10 00:00:00,2597139032
2022-12-11 00:00:00,2587542424
2022-12-12 00:00:00,2574694758
2022-12-13 00:00:00,2588074814
2022-12-14 00:00:00,2629521681
2022-12-15 00:00:00,2621132961
2022-12-16 00:00:00,2570373278
2022-12-17 00:00:00,2470072466
2022-12-18 00:00:00,2451215815
2022-12-19 00:00:00,2462706049
2022-12-20 00:00:00,2431515101
2022-12-21 00:00:00,2468642813
2022-12-22 00:00:00,2517244638
2022-12-23 00:00:00,2491234590
2022-12-24 00:00:00,2501292399
2022-12-25 00:00:00,2496396636
2022-12-26 00:00:00,2489587697
2022-12-27 00:00:00,2492320286
2022-12-28 00:00:00,2473450186
2022-12-29 00:00:00,2454778094
2022-12-30 00:00:00,2457866198
2022-12-31 00:00:00,2454241750
2023-01-01 00:00:00,2414277106
2023-01-02 00:00:00,2428565358
2023-01-03 00:00:00,2438862309
2023-01-04 00:00:00,2458835047
2023-01-05 00:00:00,2473215805
2023-01-06 00:00:00,2484438263
2023-01-07 00:00:00,2494419873
2023-01-08 00:00:00,2491246994
2023-01-09 00:00:00,2513690460
2023-01-10 00:00:00,2499340110
2023-01-11 00:00:00,2499207061
2023-01-12 00:00:00,2537859932
2023-01-13 00:00:00,2555661675
2023-01-14 00:00:00,2657771391
2023-01-15 00:00:00,2538088381
2023-01-16 00:00:00,2554374034
2023-01-17 00:00:00,2568844895
2023-01-18 00:00:00,2596117177
2023-01-19 00:00:00,2552921388
2023-01-20 00:00:00,2677321741
2023-01-21 00:00:00,2760094539
2023-01-22 00:00:00,2760813695
2023-01-23 00:00:00,2689858087
2023-01-24 00:00:00,2690168227
2023-01-25 00:00:00,2673698503
2023-01-26 00:00:00,2722605248
2023-01-27 00:00:00,2724400329
2023-01-28 00:00:00,2733910696
2023-01-29 00:00:00,2724124944
2023-01-30 00:00:00,2779772003
2023-01-31 00:00:00,2715477770
2023-02-01 00:00:00,2733545793
2023-02-02 00:00:00,2820839400
2023-02-03 00:00:00,2809542590
2023-02-04 00:00:00,2857881728
2023-02-05 00:00:00,2858776825
2023-02-06 00:00:00,2836916396
2023-02-07 00:00:00,2833034189
2023-02-08 00:00:00,2898162902
2023-02-09 00:00:00,2872804713
2023-02-10 00:00:00,2833419205
2023-02-11 00:00:00,2825463685
2023-02-12 00:00:00,2835738547
2023-02-13 00:00:00,2816755152
2023-02-14 00:00:00,2793196850
2023-02-15 00:00:00,2834895205
2023-02-16 00:00:00,2950268352
2023-02-17 00:00:00,2913683136
2023-02-18 00:00:00,2972273344
2023-02-19 00:00:00,3000419710
2023-02-20 00:00:00,2982585241
2023-02-21 00:00:00,3017767310
2023-02-22 00:00:00,2967868588
2023-02-23 00:00:00,2964057554
2023-02-24 00:00:00,2979778248
2023-02-25 00:00:00,2929571255
2023-02-26 00:00:00,2926320415
2023-02-27 00:00:00,2968767322
2023-02-28 00:00:00,2960293074
2023-03-01 00:00:00,2958191551
2023-03-02 00:00:00,3029209440
2023-03-03 00:00:00,3000162829
2023-03-04 00:00:00,2836480836
2023-03-05 00:00:00,2827707661
2023-03-06 00:00:00,2840381896
2023-03-07 00:00:00,2833566094
2023-03-08 00:00:00,2834656875
2023-03-09 00:00:00,2766635161
2023-03-10 00:00:00,2639912275
2023-03-11 00:00:00,2515735462
2023-03-12 00:00:00,2285149496
2023-03-13 00:00:00,2492410467
2023-03-14 00:00:00,2524200268
2023-03-15 00:00:00,2540519856
2023-03-16 00:00:00,2480350678
2023-03-17 00:00:00,2503104236
2023-03-18 00:00:00,2635228171
2023-03-19 00:00:00,2643724305
2023-03-20 00:00:00,2633011796
2023-03-21 00:00:00,2615963246
2023-03-22 00:00:00,2662348414
2023-03-23 00:00:00,2751016241
2023-03-24 00:00:00,2756224467
2023-03-25 00:00:00,2682176409
2023-03-26 00:00:00,2681238271
2023-03-27 00:00:00,2697275237
2023-03-28 00:00:00,2665041184
2023-03-29 00:00:00,2728065954
2023-03-30 00:00:00,2833375596
2023-03-31 00:00:00,2779545527
2023-04-01 00:00:00,2792870569
2023-04-02 00:00:00,2794602184
2023-04-03 00:00:00,2756330994
2023-04-04 00:00:00,2812403155
2023-04-05 00:00:00,2846423885
2023-04-06 00:00:00,2800969506
2023-04-07 00:00:00,2799822131
2023-04-08 00:00:00,2843900809
2023-04-09 00:00:00,2845654212
2023-04-10 00:00:00,2829347421
2023-04-11 00:00:00,2877434552
2023-04-12 00:00:00,2841590150
2023-04-13 00:00:00,2960313705
2023-04-14 00:00:00,3107300316
2023-04-15 00:00:00,3101442738
2023-04-16 00:00:00,3097789621
2023-04-17 00:00:00,3069778046
2023-04-18 00:00:00,3065664860
2023-04-19 00:00:00,3108386634
2023-04-20 00:00:00,2959475706
2023-04-21 00:00:00,2977889443
2023-04-22 00:00:00,2894501096
2023-04-23 00:00:00,2900932935
2023-04-24 00:00:00,2896489595
2023-04-25 00:00:00,2852536018
2023-04-26 00:00:00,2889963243
2023-04-27 00:00:00,2952062369
2023-04-28 00:00:00,2909576799
2023-04-29 00:00:00,2917610461
2023-04-30 00:00:00,2923049550
2023-05-01 00:00:00,2890605433
2023-05-02 00:00:00,2832237588
2023-05-03 00:00:00,2873064844
2023-05-04 00:00:00,2929972556
2023-05-05 00:00:00,2904050979
2023-05-06 00:00:00,3006779562
2023-05-07 00:00:00,2922594509
2023-05-08 00:00:00,2906277731
2023-05-09 00:00:00,2845338569
2023-05-10 00:00:00,2868388170
2023-05-11 00:00:00,2846202124
2023-05-12 00:00:00,2828891208
2023-05-13 00:00:00,2854958479
2023-05-14 00:00:00,2859198291
2023-05-15 00:00:00,2863901613
2023-05-16 00:00:00,2910026007
2023-05-17 00:00:00,2927964579
2023-05-18 00:00:00,2930936913
2023-05-19 00:00:00,2911904219
2023-05-20 00:00:00,2910672045
2023-05-21 00:00:00,2934937891
2023-05-22 00:00:00,2903113576
2023-05-23 00:00:00,2929761874
2023-05-24 00:00:00,3013817450
2023-05-25 00:00:00,2923744415
2023-05-26 00:00:00,2944087648
2023-05-27 00:00:00,2951080610
2023-05-28 00:00:00,2963349904
2023-05-29 00:00:00,3027071191
2023-05-30 00:00:00,2976364700
2023-05-31 00:00:00,2977838698
2023-06-01 00:00:00,2940020804
2023-06-02 00:00:00,2936442899
2023-06-03 00:00:00,2957886003
2023-06-04 00:00:00,2972764879
2023-06-05 00:00:00,2967922055
2023-06-06 00:00:00,2845498964
2023-06-07 00:00:00,2929691050
2023-06-08 00:00:00,2859452567
2023-06-09 00:00:00,2870678711
2023-06-10 00:00:00,2884961118
2023-06-11 00:00:00,2723522264
2023-06-12 00:00:00,2724461601
2023-06-13 00:00:00,2698730155
2023-06-14 00:00:00,2707683229
2023-06-15 00:00:00,2580520850
2023-06-16 00:00:00,2577251527
2023-06-17 00:00:00,2630648713
2023-06-18 00:00:00,2675486031
2023-06-19 00:00:00,2674074491
2023-06-20 00:00:00,2697521677
2023-06-21 00:00:00,2763874126
2023-06-22 00:00:00,2862294375
2023-06-23 00:00:00,2839155711
2023-06-24 00:00:00,2832116162
2023-06-25 00:00:00,2802177076
2023-06-26 00:00:00,2816034751
2023-06-27 00:00:00,2785962129
2023-06-28 00:00:00,2796389283
2023-06-29 00:00:00,2753523652
2023-06-30 00:00:00,2781352885
2023-07-01 00:00:00,2850712197
2023-07-02 00:00:00,2853579103
2023-07-03 00:00:00,2868548607
2023-07-04 00:00:00,2887424232
2023-07-05 00:00:00,2869779668
2023-07-06 00:00:00,2859298082
2023-07-07 00:00:00,2805301939
2023-07-08 00:00:00,2837847156
2023-07-09 00:00:00,2829177882
2023-07-10 00:00:00,2829229094
2023-07-11 00:00:00,2837841297
2023-07-12 00:00:00,2841224200
2023-07-13 00:00:00,2833206460
2023-07-14 00:00:00,2656863097
2023-07-15 00:00:00,2598589622
2023-07-16 00:00:00,2608660489
2023-07-17 00:00:00,2617155683
2023-07-18 00:00:00,2617967841
2023-07-19 00:00:00,2598908067
2023-07-20 00:00:00,2601290784
2023-07-21 00:00:00,2599188672
2023-07-22 00:00:00,2610715963
2023-07-23 00:00:00,2586665719
2023-07-24 00:00:00,2609364147
2023-07-25 00:00:00,2573916476
2023-07-26 00:00:00,2551155267
2023-07-27 00:00:00,2573336164
2023-07-28 00:00:00,2585206682
2023-07-29 00:00:00,2585139400
2023-07-30 00:00:00,2584056010
2023-07-31 00:00:00,2572712135
2023-08-01 00:00:00,2538533462
2023-08-02 00:00:00,2556509537
2023-08-03 00:00:00,2525468426
2023-08-04 00:00:00,2501342068
2023-08-05 00:00:00,2460488028
2023-08-06 00:00:00,2464266898
2023-08-07 00:00:00,2462881906
2023-08-08 00:00:00,2475455024
2023-08-09 00:00:00,2505763793
2023-08-10 00:00:00,2500636052
2023-08-11 00:00:00,2493566525
2023-08-12 00:00:00,2499115034
2023-08-13 00:00:00,2514889324
2023-08-14 00:00:00,2503969775
2023-08-15 00:00:00,2507245822
2023-08-16 00:00:00,2488205939
2023-08-17 00:00:00,2422603440
2023-08-18 00:00:00,2259705106
2023-08-19 00:00:00,2207887079
2023-08-23 00:00:00,2215388457
2023-08-24 00:00:00,2287635166
2023-08-25 00:00:00,2257363880
2023-08-26 00:00:00,2249630161
2023-08-27 00:00:00,2253292394
2023-08-28 00:00:00,2202888928
2023-08-29 00:00:00,2203891978
2023-08-30 00:00:00,2245722228
2023-08-31 00:00:00,2232141671
2023-09-01 00:00:00,2161240184
2023-09-02 00:00:00,2141727753
2023-09-03 00:00:00,2140639281
2023-09-04 00:00:00,2144588319
2023-09-05 00:00:00,2139534658
2023-09-06 00:00:00,2144401533
2023-09-07 00:00:00,2170963577
2023-09-08 00:00:00,2191350089
2023-09-09 00:00:00,2155574877
2023-09-10 00:00:00,2145293646
2023-09-11 00:00:00,2130757897
2023-09-12 00:00:00,2045820867
2023-09-13 00:00:00,2073717301
2023-09-14 00:00:00,2114546668
2023-09-15 00:00:00,2129220030
2023-09-16 00:00:00,2150401760
2023-09-17 00:00:00,2153611227
2023-09-18 00:00:00,2121574916
2023-09-19 00:00:00,2127740009
2023-09-20 00:00:00,2139668110
2023-09-21 00:00:00,2126271451
2023-09-22 00:00:00,2088703393
2023-09-23 00:00:00,2101482366
2023-09-24 00:00:00,2096811180
2023-09-25 00:00:00,2080589482
2023-09-26 00:00:00,2091081694
2023-09-27 00:00:00,2088314898
2023-09-28 00:00:00,2086328994
2023-09-29 00:00:00,2102251752
2023-09-30 00:00:00,2101761752
2023-10-01 00:00:00,2105961743
2023-10-02 00:00:00,2147489933
2023-10-03 00:00:00,2124093551
2023-10-04 00:00:00,2087475806
2023-10-05 00:00:00,2089979833
2023-10-06 00:00:00,2055369824
2023-10-07 00:00:00,2091119012
2023-10-08 00:00:00,2080339322
2023-10-09 00:00:00,2011922056
2023-10-10 00:00:00,2008432137
2023-10-11 00:00:00,1996081961
2023-10-12 00:00:00,1984739263
2023-10-13 00:00:00,1960851030
2023-10-14 00:00:00,1972448060
2023-10-15 00:00:00,1979211520
2023-10-16 00:00:00,1973154985
2023-10-17 00:00:00,2001021481
2023-10-18 00:00:00,1971780383
2023-10-19 00:00:00,1962391750
2023-10-20 00:00:00,1961154795
2023-10-21 00:00:00,1974987632
2023-10-22 00:00:00,2022027287
2023-10-23 00:00:00,2072140888
2023-10-24 00:00:00,2146994909
2023-10-25 00:00:00,2137746960
2023-10-26 00:00:00,2141501513
2023-10-27 00:00:00,2139655932
2023-10-28 00:00:00,2138529019
2023-10-29 00:00:00,2135249574
2023-10-30 00:00:00,2152045443
2023-10-31 00:00:00,2218624963
2023-11-01 00:00:00,2118749673
2023-11-02 00:00:00,2150377073
2023-11-03 00:00:00,2086625826
2023-11-04 00:00:00,2147123586
2023-11-05 00:00:00,2158699569
2023-11-06 00:00:00,2158740284
2023-11-07 00:00:00,2148431901
2023-11-08 00:00:00,2174695555
2023-11-09 00:00:00,2187612468
2023-11-10 00:00:00,2284003999
2023-11-11 00:00:00,2284500653
2023-11-12 00:00:00,2265045819
2023-11-13 00:00:00,2288967490
2023-11-14 00:00:00,2268542343
2023-11-15 00:00:00,2255283422
2023-11-16 00:00:00,2325336446
2023-11-17 00:00:00,2275377279
2023-11-18 00:00:00,2238202498
2023-11-19 00:00:00,2228683485
2023-11-20 00:00:00,2303508901
2023-11-21 00:00:00,2298379172
2023-11-22 00:00:00,2204972153
2023-11-23 00:00:00,2377049761
2023-11-25 00:00:00,2370608036
2023-11-26 00:00:00,2361186381
2023-11-27 00:00:00,2351213112
2023-11-28 00:00:00,2328931134
2023-11-29 00:00:00,2319126863
2023-11-30 00:00:00,2309691727
2023-12-01 00:00:00,2360000407
2023-12-02 00:00:00,2386744469
2023-12-03 00:00:00,2420460542
2023-12-04 00:00:00,2393366866
2023-12-05 00:00:00,2402320250
2023-12-06 00:00:00,2429257073
2023-12-07 00:00:00,2372559816
2023-12-08 00:00:00,2437988498
2023-12-09 00:00:00,2464851815
2023-12-10 00:00:00,2434098196
2023-12-11 00:00:00,2361970254
2023-12-12 00:00:00,2381066586
2023-12-13 00:00:00,2361355670
2023-12-14 00:00:00,2411357833
2023-12-15 00:00:00,2410583096
2023-12-16 00:00:00,2401048699
2023-12-17 00:00:00,2391789793
2023-12-18 00:00:00,2320470332
2023-12-19 00:00:00,2378267114
2023-12-20 00:00:00,2352680790
2023-12-21 00:00:00,2592258401
2023-12-22 00:00:00,2384950278
2023-12-23 00:00:00,2411846221
2023-12-24 00:00:00,2415088963
2023-12-25 00:00:00,2418893803
2023-12-26 00:00:00,2394407605
2023-12-27 00:00:00,2403929411
2023-12-28 00:00:00,2509872379
2023-12-29 00:00:00,2466681380
2023-12-30 00:00:00,2441348411
2023-12-31 00:00:00,2444570123
2024-01-01 00:00:00,2427630543
2024-01-02 00:00:00,2492000902
2024-01-03 00:00:00,2501050791
2024-01-04 00:00:00,2400662444
2024-01-05 00:00:00,2470245053
2024-01-06 00:00:00,2446342380
2024-01-07 00:00:00,2444058479
2024-01-08 00:00:00,2394991608
2024-01-09 00:00:00,2488964324
2024-01-10 00:00:00,2539978333
2024-01-11 00:00:00,2628807661
2024-01-12 00:00:00,2638118709
2024-01-13 00:00:00,2572945994
2024-01-14 00:00:00,2614887389
2024-01-15 00:00:00,2603114778
2024-01-16 00:00:00,2609610976
2024-01-17 00:00:00,2648105320
2024-01-18 00:00:00,2607221873
2024-01-19 00:00:00,2551066454
2024-01-20 00:00:00,2591284496
2024-01-21 00:00:00,2587426205
2024-01-22 00:00:00,2604332601
2024-01-23 00:00:00,2503507700
2024-01-24 00:00:00,2458024565
2024-01-25 00:00:00,2469670184
2024-01-26 00:00:00,2457315653
2024-01-27 00:00:00,2509699048
2024-01-28 00:00:00,2450077990
2024-01-29 00:00:00,2455063192
2024-01-30 00:00:00,2491650363
2024-01-31 00:00:00,2501356167
2024-02-01 00:00:00,2430907969
2024-02-02 00:00:00,2476202083
2024-02-03 00:00:00,2467022547
2024-02-04 00:00:00,2464195937
2024-02-05 00:00:00,2460193689
2024-02-06 00:00:00,2509327375
2024-02-07 00:00:00,2562132117
2024-02-08 00:00:00,2607489145
2024-02-09 00:00:00,2611094429
2024-02-10 00:00:00,2647578298
2024-02-11 00:00:00,2655377931
2024-02-12 00:00:00,2649855789
2024-02-13 00:00:00,2752921010
2024-02-14 00:00:00,2690229322
2024-02-15 00:00:00,2779379454
2024-02-16 00:00:00,2781067296
2024-02-17 00:00:00,2759247007
2024-02-18 00:00:00,2758030547
2024-02-19 00:00:00,2835412867
2024-02-20 00:00:00,2857615644
2024-02-21 00:00:00,2940948314
2024-02-22 00:00:00,2922293525
2024-02-23 00:00:00,2960992568
2024-02-24 00:00:00,2930416060
2024-02-25 00:00:00,2977708652
2024-02-26 00:00:00,3047233910
2024-02-27 00:00:00,3047911389
2024-02-28 00:00:00,3027894107
2024-02-29 00:00:00,3075279995
2024-03-01 00:00:00,3060312588
2024-03-02 00:00:00,3240775385
2024-03-03 00:00:00,3276159013
2024-03-04 00:00:00,3343227564
2024-03-05 00:00:00,3367550312
2024-03-06 00:00:00,3243920489
2024-03-07 00:00:00,3347381860
2024-03-08 00:00:00,3343331658
2024-03-09 00:00:00,3347908935
2024-03-10 00:00:00,3370710779
2024-03-11 00:00:00,3351391731
2024-03-12 00:00:00,3467009081
2024-03-13 00:00:00,3410226793
2024-03-14 00:00:00,3434333631
2024-03-15 00:00:00,3380767718
2024-03-16 00:00:00,3268138070
2024-03-17 00:00:00,3133037614
2024-03-18 00:00:00,3218103141
2024-03-19 00:00:00,3135451704
2024-03-20 00:00:00,2966769751
2024-03-21 00:00:00,3251394783
2024-03-25 00:00:00,3423167121
2024-03-26 00:00:00,3498857917
2024-03-27 00:00:00,3508450825
2024-03-28 00:00:00,3479318665
2024-03-29 00:00:00,3478846758
2024-03-30 00:00:00,3452961846
2024-03-31 00:00:00,3517633823
2024-04-01 00:00:00,3454365144
2024-04-02 00:00:00,3337846670
2024-04-03 00:00:00,3368862471
2024-04-04 00:00:00,3389531117
2024-04-05 00:00:00,3388736647
2024-04-06 00:00:00,3377335356
2024-04-07 00:00:00,3388930764
2024-04-08 00:00:00,3487949070
2024-04-09 00:00:00,3726585161
2024-04-10 00:00:00,3578642261
2024-04-11 00:00:00,3602171911
2024-04-12 00:00:00,4492534660
2024-04-13 00:00:00,3285528859
2024-04-14 00:00:00,2977768276
2024-04-15 00:00:00,3336053459
2024-04-16 00:00:00,3209465253
2024-04-17 00:00:00,3198609161
2024-04-18 00:00:00,3176809000
2024-04-19 00:00:00,3212095885
2024-04-20 00:00:00,3257836389
2024-04-21 00:00:00,3364072296
2024-04-22 00:00:00,3372856092
2024-04-23 00:00:00,3408748824
2024-04-24 00:00:00,3386504225
2024-04-25 00:00:00,3305142458
2024-04-26 00:00:00,3351241398
2024-04-27 00:00:00,3289781472
2024-04-28 00:00:00,3345526673
2024-04-29 00:00:00,3407501331
2024-04-30 00:00:00,3304162063
2024-05-01 00:00:00,3174804610
2024-05-02 00:00:00,3082404051
2024-05-03 00:00:00,3143077619
2024-05-04 00:00:00,3291705176
2024-05-05 00:00:00,3302404230
2024-05-06 00:00:00,3300358766
2024-05-07 00:00:00,3280192274
2024-05-08 00:00:00,3263341902
2024-05-09 00:00:00,3180681714
2024-05-10 00:00:00,3225005522
2024-05-11 00:00:00,3229344773
2024-05-12 00:00:00,3235060185
2024-05-13 00:00:00,3230385413
2024-05-14 00:00:00,3220496527
2024-05-15 00:00:00,3139929104
2024-05-16 00:00:00,3258000618
2024-05-17 00:00:00,3194023820
2024-05-18 00:00:00,3336105258
2024-05-19 00:00:00,3355420911
2024-05-20 00:00:00,3306772035
2024-05-21 00:00:00,3668955146
2024-05-22 00:00:00,3679818744
2024-05-23 00:00:00,3656585417
2024-05-24 00:00:00,3689963285
2024-05-25 00:00:00,3681607849
2024-05-26 00:00:00,3685136826
2024-05-27 00:00:00,3618975500
2024-05-28 00:00:00,3691265134
2024-05-29 00:00:00,3650947643
2024-05-30 00:00:00,3632032191
2024-05-31 00:00:00,3609383746
2024-06-01 00:00:00,3534475540
2024-06-02 00:00:00,3542295766
2024-06-03 00:00:00,3500499429
2024-06-04 00:00:00,3516029723
2024-06-05 00:00:00,3556445217
2024-06-06 00:00:00,3565540116
2024-06-07 00:00:00,3562158647
2024-06-08 00:00:00,3477737166
2024-06-09 00:00:00,3446471873
2024-06-10 00:00:00,3562117877
2024-06-11 00:00:00,3475548840
2024-06-12 00:00:00,3396025628
2024-06-13 00:00:00,3459439192
2024-06-14 00:00:00,3383559520
2024-06-15 00:00:00,3349411626
2024-06-16 00:00:00,3405796785
2024-06-17 00:00:00,3446245172
2024-06-18 00:00:00,3345103677
2024-06-19 00:00:00,3258517904
2024-06-20 00:00:00,3350348212
2024-06-22 00:00:00,3283610064
2024-06-23 00:00:00,3298986144
2024-06-25 00:00:00,3333350070
2024-06-26 00:00:00,3368386395
2024-06-27 00:00:00,3304932668
2024-06-28 00:00:00,3356684732
2024-06-29 00:00:00,3323012371
2024-06-30 00:00:00,3323375894
2024-07-01 00:00:00,3392759723
2024-07-02 00:00:00,3401078693
2024-07-03 00:00:00,3355389520
2024-07-04 00:00:00,3237442181
2024-07-05 00:00:00,3143545947
2024-07-06 00:00:00,2995869495
2024-07-07 00:00:00,3046465536
2024-07-08 00:00:00,2959811002
2024-07-09 00:00:00,3000833027
2024-07-10 00:00:00,3024274447
2024-07-11 00:00:00,3051560861
2024-07-12 00:00:00,3047467128
2024-07-13 00:00:00,3046696649
2024-07-14 00:00:00,3093766745
2024-07-15 00:00:00,3108380751
2024-07-16 00:00:00,3363098195
2024-07-17 00:00:00,3716530386
2024-07-18 00:00:00,3392328685
2024-07-19 00:00:00,3387355852
2024-07-20 00:00:00,3479594074
2024-07-21 00:00:00,3580559704
2024-07-22 00:00:00,3471204268
2024-07-23 00:00:00,3364698067
2024-07-24 00:00:00,3392960783
2024-07-25 00:00:00,3272350149
2024-07-26 00:00:00,3144911263
2024-07-27 00:00:00,3350532579
2024-07-28 00:00:00,3335462533
2024-07-29 00:00:00,3264547219
2024-07-30 00:00:00,3375514658
2024-07-31 00:00:00,3288555682
2024-08-01 00:00:00,3236797340
2024-08-02 00:00:00,3187281534
2024-08-03 00:00:00,2996707878
2024-08-04 00:00:00,2986708508
2024-08-05 00:00:00,2841013528
2024-08-06 00:00:00,2539645847
2024-08-07 00:00:00,2624114848
2024-08-08 00:00:00,2518073363
2024-08-09 00:00:00,2647437533
2024-08-10 00:00:00,2737986232
2024-08-11 00:00:00,2694887766
2024-08-12 00:00:00,2686277575
2024-08-13 00:00:00,2779368608
2024-08-14 00:00:00,2848839256
2024-08-15 00:00:00,2748508489
2024-08-16 00:00:00,2658162736
2024-08-17 00:00:00,2674238777
2024-08-18 00:00:00,2695610353
2024-08-19 00:00:00,2715828047
2024-08-20 00:00:00,2697553336
2024-08-21 00:00:00,2803613477
2024-08-22 00:00:00,2845090811
2024-08-23 00:00:00,2839933716
2024-08-24 00:00:00,2984980737
2024-08-25 00:00:00,2952279090
2024-08-26 00:00:00,2888555830
2024-08-27 00:00:00,2928188934
2024-08-28 00:00:00,2737840561
2024-08-29 00:00:00,2777031320
2024-08-30 00:00:00,2731093605
2024-08-31 00:00:00,2798425693
2024-09-01 00:00:00,2741810533
2024-09-02 00:00:00,2770966258
2024-09-03 00:00:00,2823556408
2024-09-04 00:00:00,2703947324
2024-09-05 00:00:00,2714467278
2024-09-06 00:00:00,2653101935
2024-09-07 00:00:00,2528222472
2024-09-08 00:00:00,2569811584
2024-09-09 00:00:00,2602218753
2024-09-10 00:00:00,2690437694
2024-09-11 00:00:00,2740087273
2024-09-12 00:00:00,2730962115
2024-09-13 00:00:00,2744179131
2024-09-14 00:00:00,2874006115
2024-09-15 00:00:00,2800045998
2024-09-16 00:00:00,2751559602
2024-09-17 00:00:00,2675654878
2024-09-18 00:00:00,2791705803
2024-09-19 00:00:00,2739315660
2024-09-20 00:00:00,2881668865
2024-09-21 00:00:00,2930780927
2024-09-22 00:00:00,2951338156
2024-09-23 00:00:00,2865832889
2024-09-24 00:00:00,3025484439
2024-09-25 00:00:00,3050515084
2024-09-26 00:00:00,3001323079
2024-09-27 00:00:00,3069114099
2024-09-28 00:00:00,3108747591
2024-09-29 00:00:00,3105818673
2024-09-30 00:00:00,3082641226
2024-10-01 00:00:00,3026410686
2024-10-02 00:00:00,2920982398
2024-10-03 00:00:00,2851035522
2024-10-04 00:00:00,2793801640
2024-10-05 00:00:00,2959758263
2024-10-06 00:00:00,2919528899
2024-10-07 00:00:00,2933953742
2024-10-08 00:00:00,2956416614
2024-10-09 00:00:00,2906810561
2024-10-10 00:00:00,2914900753
2024-10-11 00:00:00,2902150470
2024-10-12 00:00:00,3023221271
2024-10-13 00:00:00,3055421776
2024-10-14 00:00:00,3048065833
2024-10-15 00:00:00,3189573676
2024-10-16 00:00:00,3157559644
2024-10-17 00:00:00,3243767715
2024-10-18 00:00:00,3220616264
2024-10-19 00:00:00,3266395512
2024-10-20 00:00:00,3245399334
2024-10-21 00:00:00,3309008158
2024-10-22 00:00:00,3165778353
2024-10-23 00:00:00,3185572849
2024-10-24 00:00:00,3006056409
2024-10-25 00:00:00,3039866992
2024-10-26 00:00:00,2966091464
2024-10-27 00:00:00,2953108897
2024-10-28 00:00:00,3036692511
2024-10-29 00:00:00,3071288593
2024-10-30 00:00:00,3184546052
2024-10-31 00:00:00,3140230782
2024-11-01 00:00:00,3041896214
2024-11-02 00:00:00,3024801413
2024-11-03 00:00:00,3001233776
2024-11-04 00:00:00,2929136182
2024-11-05 00:00:00,2855497717
2024-11-06 00:00:00,2973661505
2024-11-07 00:00:00,3224115781
2024-11-08 00:00:00,3302881345
2024-11-09 00:00:00,3410872529
2024-11-11 00:00:00,3530921981
2024-11-12 00:00:00,3631327641
2024-11-13 00:00:00,3664205617
2024-11-14 00:00:00,3545035025
2024-11-15 00:00:00,3514317051
2024-11-16 00:00:00,3554590296
2024-11-17 00:00:00,3619857923
2024-11-18 00:00:00,3556428036
2024-11-19 00:00:00,3592305826
2024-11-20 00:00:00,3561998338
2024-11-21 00:00:00,3529536531
2024-11-22 00:00:00,3747866327
2024-11-23 00:00:00,3777296185
2024-11-24 00:00:00,3702363667
2024-11-25 00:00:00,3691287007
2024-11-26 00:00:00,3776373145
2024-11-27 00:00:00,3728088314
2024-11-28 00:00:00,3946431437
2024-11-29 00:00:00,3876863019
2024-11-30 00:00:00,3899449582
2024-12-01 00:00:00,3983063130
2024-12-02 00:00:00,4024951610
2024-12-03 00:00:00,3965251047
2024-12-04 00:00:00,4027347573
2024-12-05 00:00:00,4195062117
2024-12-06 00:00:00,4023599207
2024-12-07 00:00:00,4152612253
2024-12-08 00:00:00,4103514276
2024-12-09 00:00:00,4137820228
2024-12-10 00:00:00,3862613001
2024-12-11 00:00:00,3851241292
2024-12-12 00:00:00,4047218764
2024-12-13 00:00:00,4120207599
2024-12-14 00:00:00,4145954887
2024-12-15 00:00:00,4144745295
2024-12-16 00:00:00,4191010129
2024-12-17 00:00:00,4202671945
2024-12-18 00:00:00,4038224638
2024-12-19 00:00:00,3978446251
2024-12-20 00:00:00,3780750603
2024-12-21 00:00:00,3583658895
2024-12-22 00:00:00,3482841590
2024-12-23 00:00:00,3486801499
2024-12-24 00:00:00,3608098770
2024-12-25 00:00:00,3724663162
2024-12-26 00:00:00,3729487864
2024-12-27 00:00:00,3567570456
2024-12-28 00:00:00,3633132070
2024-12-29 00:00:00,3725260054
2024-12-30 00:00:00,3677630037
2024-12-31 00:00:00,3674061577
2025-01-01 00:00:00,3622725448
2025-01-02 00:00:00,3667236961
2025-01-03 00:00:00,3756321326
2025-01-04 00:00:00,3894224558
2025-01-05 00:00:00,3874168196
2025-01-06 00:00:00,3923309842
2025-01-07 00:00:00,3989439258
2025-01-08 00:00:00,3764589648
2025-01-09 00:00:00,3837762013
2025-01-10 00:00:00,3741416946
2025-01-11 00:00:00,3851329620
2025-01-12 00:00:00,3812617583
2025-01-13 00:00:00,3746628599
2025-01-14 00:00:00,3668065249
2025-01-15 00:00:00,3804762841
2025-01-16 00:00:00,3996078089
2025-01-17 00:00:00,3915026843
2025-01-18 00:00:00,3818931295
2025-01-19 00:00:00,3804519871
2025-01-20 00:00:00,3653452342
2025-01-21 00:00:00,3671805582
2025-01-22 00:00:00,3731339954
2025-01-23 00:00:00,3677477003
2025-01-24 00:00:00,3733825440
2025-01-25 00:00:00,3756928264
2025-01-26 00:00:00,3775373600
2025-01-27 00:00:00,3716885758
2025-01-28 00:00:00,3613196985
2025-01-29 00:00:00,3537454399
2025-01-30 00:00:00,3628824367
2025-01-31 00:00:00,3727003738
2025-02-01 00:00:00,3734914697
2025-02-02 00:00:00,3536222713
2025-02-03 00:00:00,3220487495
2025-02-04 00:00:00,3304128504
2025-02-05 00:00:00,3233075860
2025-02-06 00:00:00,3284768736
2025-02-07 00:00:00,3203975743
2025-02-08 00:00:00,3168427913
2025-02-09 00:00:00,3185290713
2025-02-10 00:00:00,3165533698
2025-02-11 00:00:00,3205133737
2025-02-12 00:00:00,3163339239
2025-02-13 00:00:00,3183892379
2025-02-14 00:00:00,3145426149
2025-02-15 00:00:00,3199993857
2025-02-16 00:00:00,3203590084
2025-02-17 00:00:00,3252064137
2025-02-18 00:00:00,3200039525
2025-02-19 00:00:00,3161547921
2025-02-20 00:00:00,3172322235
2025-02-21 00:00:00,3227308557
2025-02-22 00:00:00,3158155009
2025-02-23 00:00:00,3242975151
2025-02-24 00:00:00,3277858888
2025-02-25 00:00:00,2926696245
2025-02-26 00:00:00,2997545440
2025-02-27 00:00:00,2861103006
2025-02-28 00:00:00,2847289462
2025-03-01 00:00:00,2803790748
2025-03-02 00:00:00,2735024521
2025-03-03 00:00:00,3031882408
2025-03-04 00:00:00,2751183786
2025-03-05 00:00:00,2796075065
2025-03-06 00:00:00,2889172224
2025-03-07 00:00:00,2797289542
2025-03-08 00:00:00,2792881025
2025-03-09 00:00:00,2833385011
2025-03-10 00:00:00,2665321948
2025-03-11 00:00:00,2485441548
2025-03-12 00:00:00,2594413449
2025-03-13 00:00:00,2547089711
2025-03-14 00:00:00,2493993053
2025-03-15 00:00:00,2563116397
2025-03-16 00:00:00,2828159373
2025-03-17 00:00:00,2758941867
2025-03-18 00:00:00,2825876186
2025-03-19 00:00:00,2792669382
2025-03-20 00:00:00,2889195057
2025-03-21 00:00:00,2722259197
2025-03-22 00:00:00,2817750137
2025-03-23 00:00:00,2757400041
2025-03-24 00:00:00,2838877749
2025-03-26 00:00:00,2862064869
2025-03-27 00:00:00,2847315696
2025-03-28 00:00:00,2839457486
2025-03-29 00:00:00,2719931573
2025-03-30 00:00:00,2628092263
2025-03-31 00:00:00,2612995810
2025-04-01 00:00:00,2611075245
2025-04-02 00:00:00,2678458403
2025-04-03 00:00:00,2676937273
2025-04-04 00:00:00,2702281516
2025-04-05 00:00:00,2812034436
2025-04-06 00:00:00,2792251810
2025-04-07 00:00:00,2536733726
2025-04-08 00:00:00,2418595631
2025-04-09 00:00:00,2353682479
2025-04-10 00:00:00,2531928149
2025-04-11 00:00:00,2388478564
2025-04-12 00:00:00,2499134952
2025-04-13 00:00:00,2565355330
2025-04-14 00:00:00,2527364116
2025-04-15 00:00:00,2519050447
2025-04-16 00:00:00,2510705516
2025-04-17 00:00:00,2533928974
2025-04-18 00:00:00,2519560047
2025-04-19 00:00:00,2545904111
2025-04-20 00:00:00,2506507520
2025-04-21 00:00:00,2470332072
2025-04-22 00:00:00,2463722939
2025-04-23 00:00:00,2422230227
2025-04-24 00:00:00,2345629410
2025-04-25 00:00:00,2486100236
2025-04-26 00:00:00,2350547892
2025-04-27 00:00:00,2364994027
2025-04-28 00:00:00,2330457153
2025-04-29 00:00:00,2345693969
2025-04-30 00:00:00,2280327702
2025-05-01 00:00:00,2317153947
2025-05-02 00:00:00,2371226539
2025-05-03 00:00:00,2340980651
2025-05-04 00:00:00,2335322861
2025-05-05 00:00:00,2330357900
2025-05-06 00:00:00,2325894762
2025-05-07 00:00:00,2337833293
2025-05-08 00:00:00,2324000126
2025-05-09 00:00:00,2491988600
2025-05-10 00:00:00,2539684088
2025-05-11 00:00:00,2651277858
2025-05-12 00:00:00,2625455584
2025-05-13 00:00:00,2594521902
2025-05-14 00:00:00,2789442670
2025-05-15 00:00:00,2746553324
2025-05-16 00:00:00,2679576581
2025-05-17 00:00:00,2744178040
2025-05-18 00:00:00,2610500627
2025-05-19 00:00:00,2545906505
2025-05-20 00:00:00,2623209277
2025-05-21 00:00:00,2652400424
2025-05-22 00:00:00,2708748830
2025-05-23 00:00:00,2825254664
2025-05-24 00:00:00,2701404531
2025-05-25 00:00:00,2689444145
2025-05-26 00:00:00,2715114157
2025-05-27 00:00:00,2674848788
2025-05-28 00:00:00,2751292033
2025-05-29 00:00:00,2729342702
2025-05-30 00:00:00,2709647520
2025-05-31 00:00:00,2596484608
2025-06-01 00:00:00,2588007647
2025-06-02 00:00:00,2596155411
2025-06-03 00:00:00,2617149983
2025-06-04 00:00:00,2626548898
2025-06-05 00:00:00,2572747283
2025-06-06 00:00:00,2459759169
2025-06-08 00:00:00,2550183938
2025-06-09 00:00:00,2544210226
2025-06-10 00:00:00,2639014180
2025-06-11 00:00:00,2734900719
2025-06-12 00:00:00,2678049755
2025-06-13 00:00:00,2549748490
2025-06-14 00:00:00,2548241827
2025-06-15 00:00:00,2525019703
2025-06-16 00:00:00,2507527130
2025-06-17 00:00:00,2527628408
2025-06-18 00:00:00,2488190104
2025-06-19 00:00:00,2463970120
2025-06-20 00:00:00,2456531698
2025-06-21 00:00:00,2404309783
2025-06-22 00:00:00,2321431624
2025-06-23 00:00:00,2232681259
2025-06-24 00:00:00,2378497991
2025-06-25 00:00:00,2388426104
2025-06-26 00:00:00,2385285354
2025-06-27 00:00:00,2346032325
2025-06-28 00:00:00,2336907760
2025-06-29 00:00:00,2356832297
2025-06-30 00:00:00,2388039443
2025-07-01 00:00:00,2359055489
2025-07-02 00:00:00,2306534001
2025-07-03 00:00:00,2404345257
2025-07-04 00:00:00,2415629150
2025-07-05 00:00:00,2365848657
2025-07-06 00:00:00,2372935969
2025-07-07 00:00:00,2406490653
2025-07-08 00:00:00,2384494684
2025-07-09 00:00:00,2421283241
2025-07-10 00:00:00,2512095179
2025-07-11 00:00:00,2581859158
2025-07-12 00:00:00,2561685423
2025-07-13 00:00:00,2546659274
2025-07-14 00:00:00,2578473200
2025-07-15 00:00:00,2578604442
2025-07-16 00:00:00,2602305686
2025-07-17 00:00:00,2657029707
2025-07-18 00:00:00,2702014675
2025-07-19 00:00:00,2743764789
2025-07-20 00:00:00,2745081651
2025-07-21 00:00:00,2796850675
2025-07-22 00:00:00,2801448344
2025-07-23 00:00:00,2796397068
2025-07-24 00:00:00,2715530854
2025-07-25 00:00:00,2697570258
2025-07-26 00:00:00,2747289970
2025-07-27 00:00:00,2776395304
2025-07-28 00:00:00,2834050631
2025-07-29 00:00:00,2781499472
2025-07-30 00:00:00,2757994963
2025-07-31 00:00:00,2744838488
2025-08-01 00:00:00,2710287087
2025-08-02 00:00:00,2639617206
2025-08-03 00:00:00,2574316531
2025-08-04 00:00:00,2669231312
2025-08-05 00:00:00,2745940768
2025-08-06 00:00:00,2729285279
2025-08-07 00:00:00,2731858104
2025-08-08 00:00:00,2839550891
2025-08-09 00:00:00,2851923228
2025-08-10 00:00:00,2919165197
2025-08-11 00:00:00,2949902224
2025-08-12 00:00:00,2852076983
2025-08-13 00:00:00,2950866469
2025-08-14 00:00:00,3023977355
2025-08-15 00:00:00,3039956098
2025-08-16 00:00:00,2958039822
2025-08-17 00:00:00,3004007264
2025-08-18 00:00:00,3039880345
2025-08-19 00:00:00,2977965372
2025-08-20 00:00:00,2895527614
2025-08-21 00:00:00,2964691627
2025-08-22 00:00:00,2893446280
2025-08-23 00:00:00,3107546879
2025-08-24 00:00:00,3152913036
2025-08-25 00:00:00,3103865682
2025-08-26 00:00:00,2954506114
2025-08-27 00:00:00,2964539489
2025-08-28 00:00:00,2901620576
2025-08-29 00:00:00,2911480156
2025-08-30 00:00:00,2861978128
2025-08-31 00:00:00,2894842240
2025-09-01 00:00:00,2902801920
2025-09-02 00:00:00,2868683726
2025-09-03 00:00:00,2867958011
2025-09-04 00:00:00,2944497971
2025-09-05 00:00:00,2855610840
2025-09-06 00:00:00,2837927387
2025-09-07 00:00:00,2841659191
2025-09-08 00:00:00,2861546083
2025-09-09 00:00:00,2887833966
2025-09-10 00:00:00,2860899766
2025-09-11 00:00:00,2943589786
2025-09-12 00:00:00,2941050137
2025-09-13 00:00:00,2994454627
2025-09-14 00:00:00,2958701622
2025-09-15 00:00:00,2926308007
2025-09-16 00:00:00,2930050587
2025-09-17 00:00:00,2939837896
2025-09-18 00:00:00,2985559838
2025-09-19 00:00:00,2988988654
2025-09-20 00:00:00,2914977515
2025-09-21 00:00:00,2936319841
2025-09-22 00:00:00,2905259239
2025-09-23 00:00:00,2856083667
2025-09-24 00:00:00,2793294894
2025-09-25 00:00:00,2824524268
2025-09-26 00:00:00,2731194684
2025-09-27 00:00:00,2770842667
2025-09-28 00:00:00,2793635222
2025-09-29 00:00:00,2853002946
2025-09-30 00:00:00,2869450165
2025-10-01 00:00:00,2780864920
2025-10-02 00:00:00,2886173290
2025-10-03 00:00:00,2887132781
2025-10-04 00:00:00,2934966030
2025-10-05 00:00:00,2923148251
2025-10-06 00:00:00,2935447145
2025-10-07 00:00:00,3544027149
2025-10-08 00:00:00,3405504275
2025-10-09 00:00:00,3487363758
2025-10-10 00:00:00,3399440393
2025-10-11 00:00:00,3024521702
2025-10-12 00:00:00,3067858308
2025-10-13 00:00:00,3303341375
2025-10-14 00:00:00,3351502157
2025-10-15 00:00:00,3295620878
2025-10-16 00:00:00,3214423763
2025-10-17 00:00:00,2746404598
2025-10-18 00:00:00,2705881513
2025-10-19 00:00:00,2748007054
2025-10-20 00:00:00,2789947933
2025-10-21 00:00:00,2798476294
2025-10-22 00:00:00,2736757402
2025-10-23 00:00:00,2693711449
2025-10-24 00:00:00,2751030710
2025-10-25 00:00:00,2781964223
2025-10-26 00:00:00,2764856517
2025-10-27 00:00:00,2832106518
2025-10-28 00:00:00,2817752455
2025-10-29 00:00:00,2777967981
2025-10-30 00:00:00,2745847314
2025-10-31 00:00:00,2702927383
2025-11-01 00:00:00,2786359749
2025-11-02 00:00:00,2808710863
2025-11-03 00:00:00,2810324944
2025-11-04 00:00:00,2622832024
2025-11-05 00:00:00,2474891264
2025-11-06 00:00:00,2563362521
2025-11-07 00:00:00,2521039528
2025-11-08 00:00:00,2620352975
2025-11-09 00:00:00,2598831266
2025-11-10 00:00:00,2663223490
2025-11-11 00:00:00,2622696929
2025-11-12 00:00:00,2550355207
2025-11-13 00:00:00,2531306899
2025-11-14 00:00:00,2459935294
2025-11-15 00:00:00,2368080270
2025-11-16 00:00:00,2311068899
2025-11-17 00:00:00,2283224476
2025-11-18 00:00:00,2235672152
2025-11-19 00:00:00,2277887975
2025-11-20 00:00:00,2256459115
2025-11-21 00:00:00,2183649866
2025-11-22 00:00:00,2049513678
2025-11-23 00:00:00,2026971189
2025-11-24 00:00:00,2045059973
2025-11-25 00:00:00,2096771507
2025-11-26 00:00:00,2127771228
2025-11-27 00:00:00,2184671698
2025-11-28 00:00:00,2186678186
2025-11-29 00:00:00,2168464691
2025-11-30 00:00:00,2149595973
2025-12-01 00:00:00,2158362556
2025-12-02 00:00:00,2054307136
2025-12-03 00:00:00,2166594925
2025-12-04 00:00:00,2264542214
2025-12-05 00:00:00,2190772513
2025-12-06 00:00:00,2106843541
2025-12-07 00:00:00,2135303963
2025-12-08 00:00:00,2179152256
2025-12-09 00:00:00,2179442797
2025-12-10 00:00:00,2228488958
2025-12-11 00:00:00,2227168504
2025-12-12 00:00:00,2238260237
2025-12-13 00:00:00,2191457133
2025-12-14 00:00:00,2176053233
2025-12-15 00:00:00,2171898619
2025-12-16 00:00:00,2076134255
2025-12-17 00:00:00,2089794847
2025-12-18 00:00:00,2020936577
2025-12-19 00:00:00,2025709867
2025-12-20 00:00:00,2103221479
2025-12-21 00:00:00,2114352163
2025-12-22 00:00:00,2098713168
2025-12-23 00:00:00,2122920198
2025-12-24 00:00:00,2104078936
2025-12-25 00:00:00,2113564939
2025-12-26 00:00:00,2086050615
2025-12-27 00:00:00,2093898074
2025-12-28 00:00:00,2100112974
2025-12-29 00:00:00,2104614918
2025-12-30 00:00:00,2103233745
2025-12-31 00:00:00,2111934756
2026-01-01 00:00:00,2119363350
2026-01-02 00:00:00,2138820993
2026-01-03 00:00:00,2188341582
2026-01-04 00:00:00,2228999856
2026-01-05 00:00:00,2257596913
2026-01-06 00:00:00,2291376772
2026-01-07 00:00:00,2297952978
2026-01-08 00:00:00,2227039543
2026-01-09 00:00:00,2206420480
2026-01-10 00:00:00,2206562436
2026-01-11 00:00:00,2218707150
2026-01-12 00:00:00,2223520765
2026-01-13 00:00:00,2221852437
2026-01-14 00:00:00,2331450178
2026-01-15 00:00:00,2321652313
2026-01-16 00:00:00,2310517124
2026-01-17 00:00:00,2292099472
2026-01-18 00:00:00,2294317577
2026-01-19 00:00:00,2232098767
2026-01-20 00:00:00,2163164601
2026-01-21 00:00:00,2077083298
2026-01-22 00:00:00,2086576718
2026-01-23 00:00:00,2077220964
2026-01-24 00:00:00,2078175794
2026-01-25 00:00:00,2071490165
2026-01-26 00:00:00,2017353229
2026-01-27 00:00:00,2054999662
2026-01-28 00:00:00,2092567525
2026-01-29 00:00:00,2097703782
2026-01-30 00:00:00,1991269178
2026-01-31 00:00:00,1937800857
2026-02-01 00:00:00,1768456833
2026-02-02 00:00:00,1711318847
2026-02-03 00:00:00,1752595886
2026-02-04 00:00:00,1668867072
2026-02-05 00:00:00,1646656647
2026-02-06 00:00:00,1442165521
2026-02-07 00:00:00,1537110970
2026-02-08 00:00:00,1550228914
2026-02-09 00:00:00,1561580478
2026-02-10 00:00:00,1602807729
2026-02-11 00:00:00,1586704356
2026-02-12 00:00:00,1574481653
2026-02-13 00:00:00,1563189690
2026-02-14 00:00:00,1636700867
2026-02-15 00:00:00,1660913343
2026-02-16 00:00:00,1609164160
2026-02-17 00:00:00,1626620383
2026-02-18 00:00:00,1609668977
2026-02-19 00:00:00,1581478754
2026-02-20 00:00:00,1578993802
2026-02-21 00:00:00,1557163384
2026-02-22 00:00:00,1570642735
2026-02-23 00:00:00,1540990360
2026-02-24 00:00:00,1507118600
2026-02-25 00:00:00,1512674775
2026-02-26 00:00:00,1600753651
2026-02-27 00:00:00,1589149517
2026-02-28 00:00:00,1545096692
2026-03-01 00:00:00,1567756231
2026-03-02 00:00:00,1552461575
2026-03-03 00:00:00,1602370711
2026-03-04 00:00:00,1592247567
2026-03-05 00:00:00,1666993710
2026-03-06 00:00:00,1643592440
2026-03-07 00:00:00,1595165556
2026-03-08 00:00:00,1584814597
2026-03-09 00:00:00,1582536341
2026-03-10 00:00:00,1620628227
2026-03-11 00:00:00,1640461582
2026-03-12 00:00:00,1672332781
2026-03-13 00:00:00,1724013962
2026-03-14 00:00:00,1697477439
2026-03-15 00:00:00,1704438687
2026-03-16 00:00:00,1751012993
2026-03-17 00:00:00,1801423459
2026-03-18 00:00:00,1780428222
2026-03-19 00:00:00,1721740196
2026-03-20 00:00:00,1704789677
2026-03-21 00:00:00,1701801487
2026-03-22 00:00:00,1674092686
2026-03-23 00:00:00,1658551302
2026-03-24 00:00:00,1710826158
2026-03-25 00:00:00,1696296135
2026-03-25 18:14:59,1651820994
