date,lpRevenueUSD
2022-11-14,1873694
2022-11-15,1419935
2022-11-16,1267497
2022-11-17,959767
2022-11-18,610020
2022-11-19,456153
2022-11-20,1040953
2022-11-21,1572601
2022-11-22,1486737
2022-11-23,988385
2022-11-24,773994
2022-11-25,764387
2022-11-26,680995
2022-11-27,493543
2022-11-28,859103
2022-11-29,699677
2022-11-30,1268915
2022-12-01,754405
2022-12-02,735969
2022-12-03,517112
2022-12-04,473350
2022-12-05,708094
2022-12-06,620690
2022-12-07,684356
2022-12-08,692521
2022-12-09,546460
2022-12-10,327448
2022-12-11,404208
2022-12-12,651159
2022-12-13,1226432
2022-12-14,888876
2022-12-15,630486
2022-12-16,1244741
2022-12-17,579305
2022-12-18,399276
2022-12-19,595090
2022-12-20,703740
2022-12-21,376675
2022-12-22,540753
2022-12-23,385659
2022-12-24,172755
2022-12-25,316532
2022-12-26,275066
2022-12-27,479100
2022-12-28,554216
2022-12-29,446638
2022-12-30,346627
2022-12-31,341069
2023-01-01,295136
2023-01-02,456184
2023-01-03,291391
2023-01-04,742203
2023-01-05,414754
2023-01-06,551107
2023-01-07,286755
2023-01-08,589998
2023-01-09,1128651
2023-01-10,690201
2023-01-11,740286
2023-01-12,1541442
2023-01-13,1295512
2023-01-14,2106571
2023-01-15,1078165
2023-01-16,1317325
2023-01-17,1046244
2023-01-18,1945585
2023-01-19,858191
2023-01-20,1062814
2023-01-21,1392664
2023-01-22,1175225
2023-01-23,1236740
2023-01-24,1353340
2023-01-25,1742735
2023-01-26,1289333
2023-01-27,1220012
2023-01-28,854042
2023-01-29,1151929
2023-01-30,1289754
2023-01-31,901167
2023-02-01,1715150
2023-02-02,1970425
2023-02-03,1541288
2023-02-04,1333220
2023-02-05,1419818
2023-02-06,1471623
2023-02-07,1920876
2023-02-08,1852914
2023-02-09,2833103
2023-02-10,1805524
2023-02-11,919832
2023-02-12,1018354
2023-02-13,1642237
2023-02-14,2841249
2023-02-15,2449673
2023-02-16,3251126
2023-02-17,2704123
2023-02-18,1483839
2023-02-19,2593323
2023-02-20,1674496
2023-02-21,2080875
2023-02-22,1903324
2023-02-23,1639863
2023-02-24,1851474
2023-02-25,1050161
2023-02-26,1040904
2023-02-27,1336143
2023-02-28,1261430
2023-03-01,2094276
2023-03-02,1500147
2023-03-03,1626644
2023-03-04,814951
2023-03-05,905941
2023-03-06,853813
2023-03-07,1234297
2023-03-08,1175975
2023-03-09,1470033
2023-03-10,2568191
2023-03-12,2839460
2023-03-13,3136189
2023-03-14,2882992
2023-03-15,2597228
2023-03-16,588794
2023-03-17,2165842
2023-03-18,1919447
2023-03-19,1584392
2023-03-20,1923657
2023-03-21,1717167
2023-03-22,2083106
2023-03-23,4193103
2023-03-24,3003777
2023-03-25,1333577
2023-03-26,1241517
2023-03-27,1615565
2023-03-28,1338990
2023-03-30,1866239
2023-03-31,1284906
2023-04-01,954793
2023-04-02,1053255
2023-04-03,1559363
2023-04-04,1386792
2023-04-05,1527859
2023-04-06,1112580
2023-04-07,769299
2023-04-08,613405
2023-04-09,711433
2023-04-10,923364
2023-04-11,1092819
2023-04-12,1261598
2023-04-13,1414233
2023-04-14,2703637
2023-04-15,1269062
2023-04-16,1116539
2023-04-17,1357420
2023-04-18,1696235
2023-04-19,2430521
2023-04-20,1791158
2023-04-21,1756087
2023-04-22,836889
2023-04-23,917371
2023-04-24,1076786
2023-04-25,1001765
2023-04-26,1827795
2023-04-27,1457658
2023-04-28,791548
2023-04-29,600486
2023-04-30,1095480
2023-05-01,1513374
2023-05-02,1434843
2023-05-03,1749634
2023-05-04,1527224
2023-05-05,3361403
2023-05-06,3365094
2023-05-07,1966906
2023-05-08,2889360
2023-05-09,1748795
2023-05-10,1986671
2023-05-11,2027634
2023-05-12,1964214
2023-05-13,1320538
2023-05-14,799973
2023-05-15,1021436
2023-05-16,978838
2023-05-17,1139692
2023-05-18,1037358
2023-05-19,842399
2023-05-20,721664
2023-05-21,1450780
2023-05-22,1729462
2023-05-23,2935009
2023-05-24,2229950
2023-05-25,1592434
2023-05-26,1485396
2023-05-27,1032957
2023-05-28,1149975
2023-05-29,1203277
2023-05-30,1253587
2023-05-31,1164655
2023-06-01,914918
2023-06-02,851535
2023-06-03,547297
2023-06-04,574429
2023-06-05,1454950
2023-06-06,1329247
2023-06-07,1268585
2023-06-08,738399
2023-06-09,683879
2023-06-10,1707352
2023-06-11,563005
2023-06-12,837323
2023-06-13,859252
2023-06-14,934033
2023-06-15,850680
2023-06-16,715080
2023-06-17,606849
2023-06-18,401854
2023-06-19,652248
2023-06-20,898555
2023-06-21,1620991
2023-06-22,1282589
2023-06-23,1519129
2023-06-24,737429
2023-06-25,857313
2023-06-26,987368
2023-06-27,1256575
2023-06-28,1006757
2023-06-29,764310
2023-06-30,1771237
2023-07-01,580396
2023-07-02,707920
2023-07-03,1063120
2023-07-04,747700
2023-07-05,755337
2023-07-06,1089679
2023-07-07,765953
2023-07-08,578749
2023-07-09,456225
2023-07-10,723256
2023-07-11,507723
2023-07-12,644643
2023-07-13,1418019
2023-07-14,1519168
2023-07-15,569536
2023-07-16,584646
2023-07-17,1240501
2023-07-18,990239
2023-07-19,869405
2023-07-20,1082202
2023-07-21,719028
2023-07-22,643071
2023-07-23,554033
2023-07-24,899445
2023-07-25,542568
2023-07-26,808721
2023-07-27,655897
2023-07-28,563260
2023-07-29,374602
2023-07-30,626325
2023-07-31,725345
2023-08-01,947690
2023-08-02,774913
2023-08-03,649672
2023-08-04,597173
2023-08-05,636121
2023-08-06,681952
2023-08-07,863874
2023-08-08,1035014
2023-08-09,938770
2023-08-10,686446
2023-08-11,614396
2023-08-12,444548
2023-08-13,519200
2023-08-14,677244
2023-08-15,830960
2023-08-16,912082
2023-08-17,2196409
2023-08-18,1108913
2023-08-19,535296
2023-08-20,558554
2023-08-21,718969
2023-08-22,1030544
2023-08-23,889930
2023-08-24,651305
2023-08-25,813477
2023-08-26,427972
2023-08-27,430751
2023-08-28,792415
2023-08-29,1347746
2023-08-30,629865
2023-08-31,853353
2023-09-01,741847
2023-09-02,489153
2023-09-03,444142
2023-09-04,611923
2023-09-05,549722
2023-09-06,715371
2023-09-07,605046
2023-09-08,493555
2023-09-09,308439
2023-09-10,576192
2023-09-11,923827
2023-09-12,766052
2023-09-13,601906
2023-09-14,726732
2023-09-15,559248
2023-09-16,393430
2023-09-17,359062
2023-09-18,699365
2023-09-19,618826
2023-09-20,593960
2023-09-21,558566
2023-09-22,436033
2023-09-23,332889
2023-09-24,396967
2023-09-25,614259
2023-09-26,478423
2023-09-27,599010
2023-09-28,760283
2023-09-29,763063
2023-09-30,487089
2023-10-01,731822
2023-10-02,1125642
2023-10-03,654361
2023-10-04,671120
2023-10-05,571392
2023-10-06,592818
2023-10-07,362280
2023-10-09,677074
2023-10-10,493071
2023-10-11,570965
2023-10-12,671764
2023-10-13,676438
2023-10-14,318804
2023-10-15,665497
2023-10-16,1193423
2023-10-17,647218
2023-10-18,601997
2023-10-19,580470
2023-10-20,994219
2023-10-21,749028
2023-10-22,810227
2023-10-23,1782965
2023-10-24,2130044
2023-10-25,1410519
2023-10-26,1643913
2023-10-27,1169129
2023-10-28,752512
2023-10-29,755345
2023-10-30,1125326
2023-10-31,1086563
2023-11-01,1440719
2023-11-02,1282346
2023-11-03,1676434
2023-11-04,954180
2023-11-05,1294664
2023-11-06,1341924
2023-11-07,1385216
2023-11-08,1147589
2023-11-09,3012631
2023-11-10,2251299
2023-11-11,1708665
2023-11-12,1434072
2023-11-13,2381444
2023-11-14,2054796
2023-11-15,1722515
2023-11-16,2244071
2023-11-17,1689929
2023-11-18,1191154
2023-11-19,1246427
2023-11-20,1705274
2023-11-21,2008175
2023-11-22,1716518
2023-11-23,1152476
2023-11-24,1333732
2023-11-25,957019
2023-11-26,1088218
2023-11-27,1355698
2023-11-28,1349240
2023-11-29,1239410
2023-11-30,1183769
2023-12-01,1298988
2023-12-02,1352966
2023-12-03,1233565
2023-12-04,2324065
2023-12-05,2524940
2023-12-06,2437155
2023-12-07,2228218
2023-12-08,1813417
2023-12-09,1879443
2023-12-10,1225432
2023-12-11,2415076
2023-12-12,1847513
2023-12-13,2344964
2023-12-14,2236989
2023-12-15,2411464
2023-12-16,2525855
2023-12-17,1913675
2023-12-18,2294374
2023-12-19,2222316
2023-12-20,2485115
2023-12-21,2394966
2023-12-22,2969112
2023-12-23,1960527
2023-12-24,1963505
2023-12-25,1724684
2023-12-26,2377804
2023-12-27,2824052
2023-12-28,3222540
2023-12-29,2405976
2023-12-30,1363801
2023-12-31,1428154
2024-01-01,406082
2024-01-02,2242415
2024-01-03,3635909
2024-01-04,2245624
2024-01-05,2122436
2024-01-06,1347535
2024-01-07,1636289
2024-01-08,2788041
2024-01-09,3478348
2024-01-10,4209322
2024-01-11,3503420
2024-01-12,3508723
2024-01-13,1332072
2024-01-14,1306059
2024-01-15,1425756
2024-01-16,1569613
2024-01-17,1464907
2024-01-18,1676680
2024-01-19,3339350
2024-01-20,1359829
2024-01-21,1219120
2024-01-22,2132947
2024-01-23,2287962
2024-01-24,1405236
2024-01-25,2173429
2024-01-26,1496434
2024-01-27,834012
2024-01-28,754454
2024-01-29,1063434
2024-01-30,1815880
2024-01-31,1889790
2024-02-01,1655917
2024-02-02,1969277
2024-02-03,1218526
2024-02-04,917130
2024-02-05,1239999
2024-02-06,1733590
2024-02-07,2449213
2024-02-08,3120011
2024-02-09,3890479
2024-02-10,2461445
2024-02-11,2077911
2024-02-12,2868358
2024-02-13,2302715
2024-02-14,1961939
2024-02-15,2374829
2024-02-16,1947400
2024-02-17,1483857
2024-02-18,1665947
2024-02-19,2331516
2024-02-20,2680613
2024-02-21,2369574
2024-02-22,2202444
2024-02-23,2394312
2024-02-24,1696688
2024-02-25,1999115
2024-02-26,2737424
2024-02-27,3200109
2024-02-28,4532841
2024-02-29,4221734
2024-03-01,3256200
2024-03-02,2593985
2024-03-03,2681446
2024-03-04,3847449
2024-03-05,7841612
2024-03-08,3566953
2024-03-09,2725432
2024-03-10,3174090
2024-03-11,3721792
2024-03-13,3168621
2024-03-14,3663075
2024-03-15,4267870
2024-03-16,2982286
2024-03-17,2622770
2024-03-18,3189343
2024-03-19,3668510
2024-03-20,1689393
2024-03-21,1074899
2024-03-22,3330626
2024-03-23,2325443
2024-03-24,2333818
2024-03-25,3358425
2024-03-26,4185092
2024-03-27,4040269
2024-03-28,3209224
2024-03-29,4165453
2024-03-30,4616496
2024-03-31,4034785
2024-04-01,4271952
2024-04-02,4860640
2024-04-03,3606467
2024-04-04,3726954
2024-04-05,2915555
2024-04-06,1986550
2024-04-07,2385493
2024-04-08,4030326
2024-04-09,3928664
2024-04-10,3492918
2024-04-11,3622679
2024-04-12,4569287
2024-04-13,4827852
2024-04-14,3299890
2024-04-15,3471599
2024-04-16,2803321
2024-04-17,2465213
2024-04-18,2193736
2024-04-19,2963489
2024-04-20,1749586
2024-04-21,1556909
2024-04-22,2044511
2024-04-23,2231309
2024-04-24,2335968
2024-04-25,2096819
2024-04-26,1785262
2024-04-27,1896932
2024-04-28,1594121
2024-04-29,1903914
2024-04-30,2521434
2024-05-01,2296619
2024-05-02,1628348
2024-05-03,2068107
2024-05-04,1416676
2024-05-05,1313718
2024-05-06,1994043
2024-05-07,1794425
2024-05-08,1742146
2024-05-09,1440843
2024-05-10,1510220
2024-05-11,900544
2024-05-12,757503
2024-05-13,1684664
2024-05-14,1553863
2024-05-15,1820252
2024-05-16,1629749
2024-05-17,1795381
2024-05-18,1193739
2024-05-19,1116745
2024-05-20,3742648
2024-05-21,3922194
2024-05-22,2786649
2024-05-23,4976731
2024-05-24,2688095
2024-05-25,1509138
2024-05-26,2199076
2024-05-27,2725040
2024-05-28,3224368
2024-05-29,2680238
2024-05-30,2578081
2024-05-31,2627919
2024-06-01,2065719
2024-06-02,1779578
2024-06-03,2160789
2024-06-04,1921629
2024-06-05,1825193
2024-06-06,1906405
2024-06-07,3056335
2024-06-08,1615736
2024-06-09,1730102
2024-06-10,2021951
2024-06-11,2590263
2024-06-12,2546698
2024-06-13,2128466
2024-06-14,2281910
2024-06-15,1190976
2024-06-16,1136242
2024-06-17,2282769
2024-06-18,2614237
2024-06-19,1932916
2024-06-20,2191278
2024-06-21,1874360
2024-06-22,1017228
2024-06-23,1068545
2024-06-24,2641940
2024-06-25,1578481
2024-06-26,1372214
2024-06-27,1449519
2024-06-28,1348939
2024-06-29,741520
2024-06-30,792253
2024-07-01,1319733
2024-07-02,943647
2024-07-03,1576105
2024-07-04,2060234
2024-07-05,3033492
2024-07-06,978062
2024-07-07,964774
2024-07-08,1887529
2024-07-09,1398330
2024-07-10,1253043
2024-07-11,1274160
2024-07-12,1019003
2024-07-13,739889
2024-07-14,913555
2024-07-15,1632586
2024-07-16,2122643
2024-07-17,1675536
2024-07-18,2062527
2024-07-19,2104787
2024-07-20,1321521
2024-07-21,1710629
2024-07-22,1662968
2024-07-23,2384065
2024-07-24,603131
2024-07-25,1950546
2024-07-26,1271452
2024-07-27,1303545
2024-07-28,511917
2024-07-29,1352413
2024-07-30,1566174
2024-07-31,1695560
2024-08-01,1640316
2024-08-02,2162424
2024-08-03,1693070
2024-08-04,1618241
2024-08-05,6290498
2024-08-06,1485987
2024-08-07,1510531
2024-08-08,1710532
2024-08-09,1193350
2024-08-10,675872
2024-08-11,938761
2024-08-12,1432200
2024-08-13,1107416
2024-08-14,468749
2024-08-15,1231186
2024-08-16,911876
2024-08-17,568876
2024-08-18,329401
2024-08-19,614034
2024-08-20,1362906
2024-08-21,933656
2024-08-22,684479
2024-08-23,472963
2024-08-24,743096
2024-08-25,675241
2024-08-26,1055289
2024-08-27,840184
2024-08-28,1380848
2024-08-29,861909
2024-08-30,957661
2024-08-31,423722
2024-09-01,668143
2024-09-02,518198
2024-09-03,729663
2024-09-04,1221183
2024-09-05,799393
2024-09-06,1700910
2024-09-07,680929
2024-09-08,603570
2024-09-09,1035825
2024-09-10,863276
2024-09-11,997933
2024-09-12,901043
2024-09-13,768930
2025-05-01,259309
2025-05-02,220692
2025-05-03,149096
2025-05-04,158386
2025-05-05,221196
2025-05-06,216905
2025-05-07,244841
2025-05-08,75702
2025-05-09,498963
2025-05-10,441201
2025-05-11,392583
2025-05-12,651511
2025-05-13,581596
2025-05-14,434991
2025-05-15,415341
2025-05-16,283760
2025-05-17,214617
2025-05-18,347781
2025-05-19,380598
2025-05-20,338564
2025-05-21,489913
2025-05-22,472996
2025-05-23,569411
2025-05-24,254216
2025-05-25,279521
2025-05-26,427448
2025-05-27,387175
2025-05-28,389788
2025-05-29,456370
2025-05-30,463738
2025-05-31,296404
2025-06-01,288114
2025-06-02,354360
2025-06-03,380377
2025-06-04,400839
2025-06-05,434896
2025-06-06,327526
2025-06-07,318746
2025-06-08,473165
2025-06-09,621468
2025-06-10,596055
2025-06-11,490891
2025-06-12,507264
2025-06-13,562990
2025-06-14,282992
2025-06-15,274530
2025-06-16,505555
2025-06-17,449396
2025-06-18,345138
2025-06-19,306257
2025-06-20,364632
2025-06-21,315421
2025-06-22,346101
2025-06-23,355506
2025-06-24,284603
2025-06-25,227790
2025-06-26,292545
2025-06-27,231564
2025-06-28,202251
2025-06-29,226987
2025-06-30,239581
2025-07-01,203037
2025-07-02,288731
2025-07-03,250357
2025-07-04,235921
2025-07-05,213063
2025-07-06,217869
2025-07-07,264763
2025-07-08,388989
2025-07-09,568286
2025-07-10,610355
2025-07-11,2643122
2025-07-12,1560236
2025-07-13,1318171
2025-07-14,2097510
2025-07-15,2232918
2025-07-16,2383948
2025-07-17,2595072
2025-07-18,2898717
2025-07-19,1379992
2025-07-20,2021925
2025-07-21,2284157
2025-07-22,2386873
2025-07-23,2258914
2025-07-24,2422614
2025-07-25,2376900
2025-07-26,1439126
2025-07-27,1865758
2025-07-28,2108434
2025-07-29,2020371
2025-07-30,2075047
2025-07-31,2040781
2025-08-01,2576332
2025-08-02,1805015
2025-08-03,1137407
2025-08-04,1602388
2025-08-05,1857478
2025-08-06,1470283
2025-08-07,1979636
2025-08-08,2027379
2025-08-09,2385459
2025-08-10,2157802
2025-08-11,2661761
2025-08-12,2789896
2025-08-13,2757289
2025-08-14,3404482
2025-08-15,2347804
2025-08-16,1313198
2025-08-17,1610989
2025-08-18,2381381
2025-08-19,2165884
2025-08-20,2112756
2025-08-21,1620304
2025-08-22,3262853
2025-08-23,1761260
2025-08-24,2387202
2025-08-25,3159763
2025-08-26,2383687
2025-08-27,2524553
2025-08-28,1732270
2025-08-29,2285438
2025-08-30,1135770
2025-08-31,1195080
2025-09-01,3048743
2025-09-02,2248761
2025-09-03,1560700
2025-09-04,1908037
2025-09-05,2257809
2025-09-06,1112574
2025-09-07,965159
2025-09-08,1716317
2025-09-09,1973347
2025-09-10,2050211
2025-09-11,1767081
2025-09-12,1872630
2025-09-13,1563087
2025-09-14,1213131
2025-09-15,2156707
2025-09-16,1745566
2025-09-17,2290350
2025-09-18,1880955
2025-09-19,1828189
2025-09-20,1476692
2025-09-21,1516519
2025-09-22,3152904
2025-09-23,1920445
2025-09-24,2147600
2025-09-25,3295302
2025-09-26,2715669
2025-09-27,2074191
2025-09-28,1820098
2025-09-29,2324005
2025-09-30,2148848
2025-10-01,2209455
2025-10-02,2185470
2025-10-03,2453627
2025-10-04,1472724
2025-10-05,1870615
2025-10-06,2725146
2025-10-07,3112826
2025-10-08,2351701
2025-10-09,3216288
2025-10-10,7234518
2025-10-11,3630666
2025-10-12,3288632
2025-10-13,2914325
2025-10-14,3334692
2025-10-15,2681665
2025-10-16,2596977
2025-10-17,2879728
2025-10-18,1216282
2025-10-19,1651156
2025-10-20,2155752
2025-10-21,3300244
2025-10-22,2326557
2025-10-23,1939636
2025-10-24,2236972
2025-10-25,2042267
2025-10-26,2177351
2025-10-27,2555884
2025-10-28,2178247
2025-10-29,2281498
2025-10-30,2559590
2025-10-31,1838772
2025-11-01,710672
2025-11-02,1187057
2025-11-03,2418750
2025-11-04,3622675
2025-11-05,2084842
2025-11-06,1863904
2025-11-07,2665820
2025-11-08,1688305
2025-11-09,1596668
2025-11-10,1991510
2025-11-11,2246528
2025-11-12,2315060
2025-11-13,2927940
2025-11-14,2842512
2025-11-15,918026
2025-11-16,1751729
2025-11-17,2498560
2025-11-18,2518686
2025-11-19,1900661
2025-11-20,2205169
2025-11-21,2599200
2025-11-22,1297939
2025-11-23,1198390
2025-11-24,1789324
2025-11-25,1275243
2025-11-26,1614054
2025-11-27,1122842
2025-11-28,1288217
2025-11-29,793182
2025-11-30,764349
2025-12-01,1663781
2025-12-02,1442178
2025-12-03,1607143
2025-12-04,1446177
2025-12-05,1259133
2025-12-06,639690
2025-12-07,1129736
2025-12-08,1226610
2025-12-09,1363992
2025-12-10,1633521
2025-12-11,2004809
2025-12-12,1226471
2025-12-13,626659
2025-12-14,790649
2025-12-15,1537390
2025-12-16,1311833
2025-12-17,1464398
2025-12-18,1479400
2025-12-19,1268218
2025-12-20,509487
2025-12-21,734621
2025-12-22,1269889
2025-12-23,892301
2025-12-24,707023
2025-12-25,605529
2025-12-26,975020
2025-12-27,472120
2025-12-28,393921
2025-12-29,893804
2025-12-30,640744
2025-12-31,484652
2026-01-01,297534
2026-01-02,835829
2026-01-03,993612
2026-01-04,574042
2026-01-05,982178
2026-01-06,1093563
2026-01-07,901112
2026-01-08,896856
2026-01-09,935928
2026-01-10,408233
2026-01-11,610950
2026-01-12,958549
2026-01-13,1671203
2026-01-14,1143621
2026-01-15,1572059
2026-01-16,640680
2026-01-17,378074
2026-01-18,530024
2026-01-19,850854
2026-01-20,1109289
2026-01-21,1488474
2026-01-22,1476607
2026-01-23,811852
2026-01-24,891331
2026-01-25,875993
2026-01-26,919011
2026-01-27,939034
2026-01-28,999669
2026-01-29,1152001
2026-01-30,2014121
2026-01-31,2764547
2026-02-01,2092122
2026-02-02,1882146
2026-02-03,1943342
2026-02-04,1955617
2026-02-05,3584965
2026-02-06,2651580
2026-02-07,1746800
2026-02-08,985194
2026-02-09,1199548
2026-02-10,1598755
2026-02-11,1270884
2026-02-12,993234
2026-02-13,1472604
2026-02-14,1184228
2026-02-15,936575
2026-02-16,647591
2026-02-17,1181439
2026-02-18,885129
2026-02-19,800672
2026-02-20,844211
2026-02-21,391792
2026-02-22,409729
2026-02-23,716842
2026-02-24,692023
2026-02-25,1153849
2026-02-26,787274
2026-02-27,981874
2026-02-28,907851
2026-03-01,278122
2026-03-02,652713
2026-03-03,307641
2026-03-04,569599
2026-03-05,372601
2026-03-06,300980
2026-03-07,106382
2026-03-08,552788
2026-03-09,623139
2026-03-10,852373
2026-03-11,752840
2026-03-12,880630
2026-03-13,987328
2026-03-14,255283
2026-03-15,474623
2026-03-16,968359
2026-03-17,686258
2026-03-18,666104
2026-03-19,746427
2026-03-20,531094
2026-03-21,195370
2026-03-22,530932
2026-03-23,1176718
2026-03-24,588645
