date,feesUSD
2021-05-05,58451
2021-05-06,640441
2021-05-07,1082469
2021-05-08,2895458
2021-05-09,1870221
2021-05-10,3004460
2021-05-11,2393415
2021-05-12,4351017
2021-05-13,4912513
2021-05-14,2616857
2021-05-15,2789162
2021-05-16,3644630
2021-05-17,4107957
2021-05-18,3198769
2021-05-19,7152405
2021-05-20,5073565
2021-05-21,4585562
2021-05-22,3235375
2021-05-23,5142800
2021-05-24,4618386
2021-05-25,4219854
2021-05-26,4195720
2021-05-27,3061528
2021-05-28,3807301
2021-05-29,3709489
2021-05-30,2990706
2021-05-31,2875613
2021-06-01,2444768
2021-06-02,1964883
2021-06-03,2101881
2021-06-04,3121179
2021-06-05,2096632
2021-06-06,1265770
2021-06-07,2198514
2021-06-08,3345510
2021-06-09,3027443
2021-06-10,2192716
2021-06-11,2108189
2021-06-12,1732097
2021-06-13,1773489
2021-06-14,1769339
2021-06-15,1750056
2021-06-16,1648387
2021-06-17,1416032
2021-06-18,1734451
2021-06-19,1260644
2021-06-20,1745798
2021-06-21,3405595
2021-06-22,2938819
2021-06-23,1874710
2021-06-24,1378093
2021-06-25,1872987
2021-06-26,1580041
2021-06-27,1569500
2021-06-28,1972742
2021-06-29,1661558
2021-06-30,1798758
2021-07-01,1495698
2021-07-02,1185346
2021-07-03,1134707
2021-07-04,1428005
2021-07-05,1546739
2021-07-06,2056013
2021-07-07,1423232
2021-07-08,1721689
2021-07-09,1358956
2021-07-10,1450347
2021-07-11,945313
2021-07-12,1152695
2021-07-13,1919238
2021-07-14,2316401
2021-07-15,1952152
2021-07-16,1559541
2021-07-17,1385032
2021-07-18,1389738
2021-07-19,1156060
2021-07-20,1479643
2021-07-21,1857692
2021-07-22,1450375
2021-07-23,1307864
2021-07-24,1260441
2021-07-25,994160
2021-07-26,3084009
2021-07-27,1920965
2021-07-28,1999399
2021-07-29,1489242
2021-07-30,1791244
2021-07-31,1323083
2021-08-01,1832438
2021-08-02,1782533
2021-08-03,2090684
2021-08-04,2334080
2021-08-05,2707160
2021-08-06,2208948
2021-08-07,3168748
2021-08-08,2531216
2021-08-09,3623956
2021-08-10,2351020
2021-08-11,2241106
2021-08-12,2496447
2021-08-13,1887501
2021-08-14,1607098
2021-08-15,1854497
2021-08-16,2151421
2021-08-17,3056122
2021-08-18,2956641
2021-08-19,2169527
2021-08-20,2047582
2021-08-21,1626437
2021-08-22,2638192
2021-08-23,2314486
2021-08-24,2455975
2021-08-25,2414079
2021-08-26,2135327
2021-08-27,1735351
2021-08-28,1134599
2021-08-29,1881880
2021-08-30,2345943
2021-08-31,2914120
2021-09-01,2934940
2021-09-02,2986701
2021-09-03,5116787
2021-09-04,3486562
2021-09-05,3249542
2021-09-06,3692399
2021-09-07,5733509
2021-09-08,4762066
2021-09-09,3149495
2021-09-10,3092049
2021-09-11,2150056
2021-09-12,1933206
2021-09-13,2578951
2021-09-14,1981299
2021-09-15,2262101
2021-09-16,2900513
2021-09-17,2335003
2021-09-18,1608633
2021-09-19,1529043
2021-09-20,4152430
2021-09-21,3724155
2021-09-22,2371950
2021-09-23,1904431
2021-09-24,2847805
2021-09-25,1830182
2021-09-26,2918401
2021-09-27,2235628
2021-09-28,2219147
2021-09-29,1805573
2021-09-30,1924243
2021-10-01,2262176
2021-10-02,1931571
2021-10-03,1929692
2021-10-04,2508041
2021-10-05,2513971
2021-10-06,2911583
2021-10-07,3536431
2021-10-08,2857749
2021-10-09,2138252
2021-10-10,2309055
2021-10-11,3306706
2021-10-12,2761255
2021-10-13,2515549
2021-10-14,2638316
2021-10-15,3718508
2021-10-16,2349908
2021-10-17,2442753
2021-10-18,2597011
2021-10-19,2427336
2021-10-20,3059749
2021-10-21,4205481
2021-10-22,3011409
2021-10-23,2315433
2021-10-24,2455258
2021-10-25,2263226
2021-10-26,3441817
2021-10-27,5220720
2021-10-28,4719427
2021-10-29,3160675
2021-10-30,2672458
2021-10-31,2660673
2021-11-01,2567614
2021-11-02,3468327
2021-11-03,3721557
2021-11-04,3585378
2021-11-05,2620452
2021-11-06,2663828
2021-11-07,2631490
2021-11-08,3334281
2021-11-09,5290040
2021-11-10,6342097
2021-11-11,3884872
2021-11-12,3912078
2021-11-13,2286862
2021-11-14,2227915
2021-11-15,3801083
2021-11-16,4832754
2021-11-17,3403359
2021-11-18,4229424
2021-11-19,3415706
2021-11-20,3433946
2021-11-21,3321337
2021-11-22,4148034
2021-11-23,4010064
2021-11-24,4356856
2021-11-25,4842527
2021-11-26,6197358
2021-11-27,4558182
2021-11-28,4199615
2021-11-29,3802311
2021-11-30,5304364
2021-12-01,4833277
2021-12-02,4587254
2021-12-03,5181117
2021-12-04,7906955
2021-12-05,4386362
2021-12-06,5651738
2021-12-07,3597372
2021-12-08,3595115
2021-12-09,4565429
2021-12-10,5062853
2021-12-11,3916893
2021-12-12,2304440
2021-12-13,4060206
2021-12-14,2980846
2021-12-15,4433411
2021-12-16,3369964
2021-12-17,3765565
2021-12-18,2804859
2021-12-19,2690037
2021-12-20,3317794
2021-12-21,2653889
2021-12-22,2519490
2021-12-23,3559047
2021-12-24,2771490
2021-12-25,5020700
2021-12-26,2589963
2021-12-27,2525101
2021-12-28,3953808
2021-12-29,3402453
2021-12-30,2662694
2021-12-31,2792783
2022-01-01,2141338
2022-01-02,2232429
2022-01-03,2741157
2022-01-04,2938236
2022-01-05,4332023
2022-01-06,3895948
2022-01-07,4401753
2022-01-08,3035650
2022-01-09,2042738
2022-01-10,5430809
2022-01-11,3662651
2022-01-12,3828027
2022-01-13,3394096
2022-01-14,2679271
2022-01-15,1971317
2022-01-16,2457994
2022-01-17,3261318
2022-01-18,3027834
2022-01-19,2983001
2022-01-20,3424680
2022-01-21,6748956
2022-01-22,4784624
2022-01-23,2626187
2022-01-24,4281075
2022-01-25,2631044
2022-01-26,3590689
2022-01-27,2899198
2022-01-28,2501276
2022-01-29,1731928
2022-01-30,1601389
2022-01-31,1972147
2022-02-01,2212021
2022-02-02,2242162
2022-02-03,2048338
2022-02-04,2341731
2022-02-05,2013654
2022-02-06,1826510
2022-02-07,2624996
2022-02-08,2509801
2022-02-09,2371005
2022-02-10,3129634
2022-02-11,3037371
2022-02-12,1929060
2022-02-13,1413217
2022-02-14,1734413
2022-02-15,2150960
2022-02-16,2130019
2022-02-17,2718945
2022-02-18,2252859
2022-02-19,1534928
2022-02-20,2289941
2022-02-21,2962596
2022-02-22,2438198
2022-02-23,1843543
2022-02-24,4381718
2022-02-25,2496047
2022-02-26,1496312
2022-02-27,2322221
2022-02-28,2421371
2022-03-01,2778495
2022-03-02,2598455
2022-03-03,1676459
2022-03-04,2214084
2022-03-05,1103879
2022-03-06,1391818
2022-03-07,2083389
2022-03-08,1945183
2022-03-09,1926271
2022-03-10,1773272
2022-03-11,1730337
2022-03-12,874872
2022-03-13,1247453
2022-03-14,1528484
2022-03-15,1584032
2022-03-16,2522299
2022-03-17,4906457
2022-03-18,5849765
2022-03-19,2364578
2022-03-20,2048361
2022-03-21,2039829
2022-03-22,2375324
2022-03-23,2082562
2022-03-24,2860917
2022-03-25,2545265
2022-03-26,1374785
2022-03-27,1980155
2022-03-28,3574671
2022-03-29,3094296
2022-03-30,2610277
2022-03-31,2777377
2022-04-01,2971610
2022-04-02,2630346
2022-04-03,1962055
2022-04-04,2311304
2022-04-05,2087987
2022-04-06,3339049
2022-04-07,2168128
2022-04-08,2431565
2022-04-09,1271087
2022-04-10,1326488
2022-04-11,3244191
2022-04-12,2315767
2022-04-13,2164043
2022-04-14,1851828
2022-04-15,1264761
2022-04-16,848701
2022-04-17,1560283
2022-04-18,1910853
2022-04-19,1701999
2022-04-20,2611640
2022-04-21,2301142
2022-04-22,1727762
2022-04-23,1264869
2022-04-24,1073930
2022-04-25,2378892
2022-04-26,2135164
2022-04-27,1736121
2022-04-28,2923103
2022-04-29,3301848
2022-04-30,3462208
2022-05-01,2621652
2022-05-02,2082028
2022-05-03,1519540
2022-05-04,2206905
2022-05-05,2419684
2022-05-06,2684124
2022-05-07,1412266
2022-05-08,2181313
2022-05-09,4431324
2022-05-10,4305202
2022-05-11,7539989
2022-05-12,7230565
2022-05-13,3420993
2022-05-14,1968171
2022-05-15,1592878
2022-05-16,2563273
2022-05-17,1642058
2022-05-18,1716316
2022-05-19,2099638
2022-05-20,1470734
2022-05-21,729556
2022-05-22,1064566
2022-05-23,1640438
2022-05-24,1255354
2022-05-25,1269044
2022-05-26,2653383
2022-05-27,1979641
2022-05-28,1113292
2022-05-29,663195
2022-05-30,1760930
2022-05-31,1667356
2022-06-01,2245536
2022-06-02,1544493
2022-06-03,1195457
2022-06-04,829593
2022-06-05,758377
2022-06-06,1300860
2022-06-07,1970751
2022-06-08,1548713
2022-06-09,1006104
2022-06-10,1675955
2022-06-11,1872537
2022-06-12,1986039
2022-06-13,4707003
2022-06-14,3396091
2022-06-15,4192727
2022-06-16,2210436
2022-06-17,1792938
2022-06-18,2558705
2022-06-19,2450273
2022-06-20,2187768
2022-06-21,1751701
2022-06-22,1527248
2022-06-23,1486269
2022-06-24,1490997
2022-06-25,1001121
2022-06-26,1066435
2022-06-27,833670
2022-06-28,1218032
2022-06-29,1339911
2022-06-30,1517922
2022-07-01,1607859
2022-07-02,690060
2022-07-03,744899
2022-07-04,1143484
2022-07-05,1345119
2022-07-06,1452560
2022-07-07,1044239
2022-07-08,1439003
2022-07-09,669332
2022-07-10,778782
2022-07-11,1013387
2022-07-12,942388
2022-07-13,1524224
2022-07-14,1334183
2022-07-15,1540548
2022-07-16,1566484
2022-07-17,1487986
2022-07-18,2229072
2022-07-19,2319973
2022-07-20,1985345
2022-07-21,1536664
2022-07-22,1254330
2022-07-23,1108436
2022-07-24,1219244
2022-07-25,1560404
2022-07-26,1372447
2022-07-27,1811168
2022-07-28,2364389
2022-07-29,2049061
2022-07-30,1367129
2022-07-31,1215961
2022-08-01,1474696
2022-08-02,1934584
2022-08-03,1339824
2022-08-04,1281429
2022-08-05,1556359
2022-08-06,794831
2022-08-07,706094
2022-08-08,1417416
2022-08-09,1288171
2022-08-10,1961280
2022-08-11,1748513
2022-08-12,1078801
2022-08-13,1108559
2022-08-14,1203246
2022-08-15,1710069
2022-08-16,1214745
2022-08-17,1680246
2022-08-18,1014500
2022-08-19,2202731
2022-08-20,1392215
2022-08-21,1365824
2022-08-22,1491336
2022-08-23,1635123
2022-08-24,1169173
2022-08-25,1206659
2022-08-26,2092266
2022-08-27,1200855
2022-08-28,1038881
2022-08-29,1354940
2022-08-30,1767174
2022-08-31,1847880
2022-09-01,1455617
2022-09-02,1658515
2022-09-03,781039
2022-09-04,717643
2022-09-05,1038155
2022-09-06,1762752
2022-09-07,1653227
2022-09-08,1360616
2022-09-09,1491157
2022-09-10,974206
2022-09-11,901557
2022-09-12,1319010
2022-09-13,2206977
2022-09-14,1350002
2022-09-15,1993205
2022-09-16,1105061
2022-09-17,679005
2022-09-18,1039331
2022-09-19,1370264
2022-09-20,1104037
2022-09-21,1794461
2022-09-22,1300427
2022-09-23,1418937
2022-09-24,697383
2022-09-25,690118
2022-09-26,997830
2022-09-27,1319698
2022-09-28,1517984
2022-09-29,1108922
2022-09-30,1431703
2022-10-01,486774
2022-10-02,677420
2022-10-03,861372
2022-10-04,917266
2022-10-05,1369867
2022-10-06,1079259
2022-10-07,742524
2022-10-08,380887
2022-10-09,385786
2022-10-10,705648
2022-10-11,754859
2022-10-12,435150
2022-10-13,1385941
2022-10-14,1090324
2022-10-15,432379
2022-10-16,463011
2022-10-17,825848
2022-10-18,866136
2022-10-19,665325
2022-10-20,678234
2022-10-21,839156
2022-10-22,466225
2022-10-23,1082371
2022-10-24,1206677
2022-10-25,1831904
2022-10-26,1809272
2022-10-27,1474262
2022-10-28,1366844
2022-10-29,1959076
2022-10-30,975325
2022-10-31,1413700
2022-11-01,933747
2022-11-02,1968046
2022-11-03,1020990
2022-11-04,1810796
2022-11-05,902535
2022-11-06,916511
2022-11-07,1464808
2022-11-08,5329652
2022-11-09,5796054
2022-11-10,4763784
2022-11-11,2966208
2022-11-12,1906722
2022-11-13,1383485
2022-11-14,1873694
2022-11-15,1419935
2022-11-16,1267497
2022-11-17,959767
2022-11-18,610020
2022-11-19,456153
2022-11-20,1040953
2022-11-21,1572601
2022-11-22,1486737
2022-11-23,988385
2022-11-24,773994
2022-11-25,764387
2022-11-26,680995
2022-11-27,493543
2022-11-28,859103
2022-11-29,699677
2022-11-30,1268915
2022-12-01,754405
2022-12-02,735969
2022-12-03,517112
2022-12-04,473350
2022-12-05,708094
2022-12-06,620690
2022-12-07,684356
2022-12-08,692521
2022-12-09,546460
2022-12-10,327448
2022-12-11,404208
2022-12-12,651159
2022-12-13,1226432
2022-12-14,888876
2022-12-15,630486
2022-12-16,1244741
2022-12-17,579305
2022-12-18,399276
2022-12-19,595090
2022-12-20,703740
2022-12-21,376675
2022-12-22,540753
2022-12-23,385659
2022-12-24,172755
2022-12-25,316532
2022-12-26,275066
2022-12-27,479100
2022-12-28,554216
2022-12-29,446638
2022-12-30,346627
2022-12-31,341069
2023-01-01,295136
2023-01-02,456184
2023-01-03,291391
2023-01-04,742203
2023-01-05,414754
2023-01-06,551107
2023-01-07,286755
2023-01-08,589998
2023-01-09,1128651
2023-01-10,690201
2023-01-11,740286
2023-01-12,1541442
2023-01-13,1295512
2023-01-14,2106571
2023-01-15,1078165
2023-01-16,1317325
2023-01-17,1046244
2023-01-18,1945585
2023-01-19,858191
2023-01-20,1062814
2023-01-21,1392664
2023-01-22,1175225
2023-01-23,1236740
2023-01-24,1353340
2023-01-25,1742735
2023-01-26,1289333
2023-01-27,1220012
2023-01-28,854042
2023-01-29,1151929
2023-01-30,1289754
2023-01-31,901167
2023-02-01,1715150
2023-02-02,1970425
2023-02-03,1541288
2023-02-04,1333220
2023-02-05,1419818
2023-02-06,1471623
2023-02-07,1920876
2023-02-08,1852914
2023-02-09,2833103
2023-02-10,1805524
2023-02-11,919832
2023-02-12,1018354
2023-02-13,1642237
2023-02-14,2841249
2023-02-15,2449673
2023-02-16,3251126
2023-02-17,2704123
2023-02-18,1483839
2023-02-19,2593323
2023-02-20,1674496
2023-02-21,2080875
2023-02-22,1903324
2023-02-23,1639863
2023-02-24,1851474
2023-02-25,1050161
2023-02-26,1040904
2023-02-27,1336143
2023-02-28,1261430
2023-03-01,2094276
2023-03-02,1500147
2023-03-03,1626644
2023-03-04,814951
2023-03-05,905941
2023-03-06,853813
2023-03-07,1234297
2023-03-08,1175975
2023-03-09,1470033
2023-03-10,2568191
2023-03-11,8283676
2023-03-12,2839460
2023-03-13,3136189
2023-03-14,2882992
2023-03-15,2597228
2023-03-16,588794
2023-03-17,2165842
2023-03-18,1919447
2023-03-19,1584392
2023-03-20,1923657
2023-03-21,1717167
2023-03-22,2083106
2023-03-23,4193103
2023-03-24,3003777
2023-03-25,1333577
2023-03-26,1241517
2023-03-27,1615565
2023-03-28,1338990
2023-03-29,1244028
2023-03-30,1866239
2023-03-31,1284906
2023-04-01,954793
2023-04-02,1053255
2023-04-03,1559363
2023-04-04,1386792
2023-04-05,1527859
2023-04-06,1112580
2023-04-07,769299
2023-04-08,613405
2023-04-09,711433
2023-04-10,923364
2023-04-11,1092819
2023-04-12,1261598
2023-04-13,1414233
2023-04-14,2703637
2023-04-15,1269062
2023-04-16,1116539
2023-04-17,1357420
2023-04-18,1696235
2023-04-19,2430521
2023-04-20,1791158
2023-04-21,1756087
2023-04-22,836889
2023-04-23,917371
2023-04-24,1076786
2023-04-25,1001765
2023-04-26,1827795
2023-04-27,1457658
2023-04-28,791548
2023-04-29,600486
2023-04-30,1095480
2023-05-01,1513374
2023-05-02,1434843
2023-05-03,1749634
2023-05-04,1527224
2023-05-05,3361403
2023-05-06,3365094
2023-05-07,1966906
2023-05-08,2889360
2023-05-09,1748795
2023-05-10,1986671
2023-05-11,2027634
2023-05-12,1964214
2023-05-13,1320538
2023-05-14,799973
2023-05-15,1021436
2023-05-16,978838
2023-05-17,1139692
2023-05-18,1037358
2023-05-19,842399
2023-05-20,721664
2023-05-21,1450780
2023-05-22,1729462
2023-05-23,2935009
2023-05-24,2229950
2023-05-25,1592434
2023-05-26,1485396
2023-05-27,1032957
2023-05-28,1149975
2023-05-29,1203277
2023-05-30,1253587
2023-05-31,1164655
2023-06-01,914918
2023-06-02,851535
2023-06-03,547297
2023-06-04,574429
2023-06-05,1454950
2023-06-06,1329247
2023-06-07,1268585
2023-06-08,738399
2023-06-09,683879
2023-06-10,1707352
2023-06-11,563005
2023-06-12,837323
2023-06-13,859252
2023-06-14,934033
2023-06-15,850680
2023-06-16,715080
2023-06-17,606849
2023-06-18,401854
2023-06-19,652248
2023-06-20,898555
2023-06-21,1620991
2023-06-22,1282589
2023-06-23,1519129
2023-06-24,737429
2023-06-25,857313
2023-06-26,987368
2023-06-27,1256575
2023-06-28,1006757
2023-06-29,764310
2023-06-30,1771237
2023-07-01,580396
2023-07-02,707920
2023-07-03,1063120
2023-07-04,747700
2023-07-05,755337
2023-07-06,1089679
2023-07-07,765953
2023-07-08,578749
2023-07-09,456225
2023-07-10,723256
2023-07-11,507723
2023-07-12,644643
2023-07-13,1418019
2023-07-14,1519168
2023-07-15,569536
2023-07-16,584646
2023-07-17,1240501
2023-07-18,990239
2023-07-19,869405
2023-07-20,1082202
2023-07-21,719028
2023-07-22,643071
2023-07-23,554033
2023-07-24,899445
2023-07-25,542568
2023-07-26,808721
2023-07-27,655897
2023-07-28,563260
2023-07-29,374602
2023-07-30,626325
2023-07-31,725345
2023-08-01,947690
2023-08-02,774913
2023-08-03,649672
2023-08-04,597173
2023-08-05,636121
2023-08-06,681952
2023-08-07,863874
2023-08-08,1035014
2023-08-09,938770
2023-08-10,686446
2023-08-11,614396
2023-08-12,444548
2023-08-13,519200
2023-08-14,677244
2023-08-15,830960
2023-08-16,912082
2023-08-17,2196409
2023-08-18,1108913
2023-08-19,535296
2023-08-20,558554
2023-08-21,718969
2023-08-22,1030544
2023-08-23,889930
2023-08-24,651305
2023-08-25,813477
2023-08-26,427972
2023-08-27,430751
2023-08-28,792415
2023-08-29,1347746
2023-08-30,629865
2023-08-31,853353
2023-09-01,741847
2023-09-02,489153
2023-09-03,444142
2023-09-04,611923
2023-09-05,549722
2023-09-06,715371
2023-09-07,605046
2023-09-08,493555
2023-09-09,308439
2023-09-10,576192
2023-09-11,923827
2023-09-12,766052
2023-09-13,601906
2023-09-14,726732
2023-09-15,559248
2023-09-16,393430
2023-09-17,359062
2023-09-18,699365
2023-09-19,618826
2023-09-20,593960
2023-09-21,558566
2023-09-22,436033
2023-09-23,332889
2023-09-24,396967
2023-09-25,614259
2023-09-26,478423
2023-09-27,599010
2023-09-28,760283
2023-09-29,763063
2023-09-30,487089
2023-10-01,731822
2023-10-02,1125642
2023-10-03,654361
2023-10-04,671120
2023-10-05,571392
2023-10-06,592818
2023-10-07,362280
2023-10-08,443028
2023-10-09,677074
2023-10-10,493071
2023-10-11,570965
2023-10-12,671764
2023-10-13,676438
2023-10-14,318804
2023-10-15,665497
2023-10-16,1193423
2023-10-17,647218
2023-10-18,601997
2023-10-19,580470
2023-10-20,994219
2023-10-21,749028
2023-10-22,810227
2023-10-23,1782965
2023-10-24,2130044
2023-10-25,1410519
2023-10-26,1643913
2023-10-27,1169129
2023-10-28,752512
2023-10-29,755345
2023-10-30,1125326
2023-10-31,1086563
2023-11-01,1440719
2023-11-02,1282346
2023-11-03,1676434
2023-11-04,954180
2023-11-05,1294664
2023-11-06,1341924
2023-11-07,1385216
2023-11-08,1147589
2023-11-09,3012631
2023-11-10,2251299
2023-11-11,1708665
2023-11-12,1434072
2023-11-13,2381444
2023-11-14,2054796
2023-11-15,1722515
2023-11-16,2244071
2023-11-17,1689929
2023-11-18,1191154
2023-11-19,1246427
2023-11-20,1705274
2023-11-21,2008175
2023-11-22,1716518
2023-11-23,1152476
2023-11-24,1333732
2023-11-25,957019
2023-11-26,1088218
2023-11-27,1355698
2023-11-28,1349240
2023-11-29,1239410
2023-11-30,1183769
2023-12-01,1298988
2023-12-02,1352966
2023-12-03,1233565
2023-12-04,2324065
2023-12-05,2524940
2023-12-06,2437155
2023-12-07,2228218
2023-12-08,1813417
2023-12-09,1879443
2023-12-10,1225432
2023-12-11,2415076
2023-12-12,1847513
2023-12-13,2344964
2023-12-14,2236989
2023-12-15,2411464
2023-12-16,2525855
2023-12-17,1913675
2023-12-18,2294374
2023-12-19,2222316
2023-12-20,2485115
2023-12-21,2394966
2023-12-22,2969112
2023-12-23,1960527
2023-12-24,1963505
2023-12-25,1724684
2023-12-26,2377804
2023-12-27,2824052
2023-12-28,3222540
2023-12-29,2405976
2023-12-30,1363801
2023-12-31,1428154
2024-01-01,406082
2024-01-02,2242415
2024-01-03,3635909
2024-01-04,2245624
2024-01-05,2122436
2024-01-06,1347535
2024-01-07,1636289
2024-01-08,2788041
2024-01-09,3478348
2024-01-10,4209322
2024-01-11,3503420
2024-01-12,3508723
2024-01-13,1332072
2024-01-14,1306059
2024-01-15,1425756
2024-01-16,1569613
2024-01-17,1464907
2024-01-18,1676680
2024-01-19,3339350
2024-01-20,1359829
2024-01-21,1219120
2024-01-22,2132947
2024-01-23,2287962
2024-01-24,1405236
2024-01-25,2173429
2024-01-26,1496434
2024-01-27,834012
2024-01-28,754454
2024-01-29,1063434
2024-01-30,1815880
2024-01-31,1889790
2024-02-01,1655917
2024-02-02,1969277
2024-02-03,1218526
2024-02-04,917130
2024-02-05,1239999
2024-02-06,1733590
2024-02-07,2449213
2024-02-08,3120011
2024-02-09,3890479
2024-02-10,2461445
2024-02-11,2077911
2024-02-12,2868358
2024-02-13,2302715
2024-02-14,1961939
2024-02-15,2374829
2024-02-16,1947400
2024-02-17,1483857
2024-02-18,1665947
2024-02-19,2331516
2024-02-20,2680613
2024-02-21,2369574
2024-02-22,2202444
2024-02-23,2394312
2024-02-24,1696688
2024-02-25,1999115
2024-02-26,2737424
2024-02-27,3200109
2024-02-28,4532841
2024-02-29,4221734
2024-03-01,3256200
2024-03-02,2593985
2024-03-03,2681446
2024-03-04,3847449
2024-03-05,7841612
2024-03-06,8417017
2024-03-07,5649733
2024-03-08,3566953
2024-03-09,2725432
2024-03-10,3174090
2024-03-11,3721792
2024-03-13,3168621
2024-03-14,3663075
2024-03-15,4267870
2024-03-16,2982286
2024-03-17,2622770
2024-03-18,3189343
2024-03-19,3668510
2024-03-20,1689393
2024-03-21,1074899
2024-03-22,3330626
2024-03-23,2325443
2024-03-24,2333818
2024-03-25,3358425
2024-03-26,4185092
2024-03-27,4040269
2024-03-28,3209224
2024-03-29,4165453
2024-03-30,4616496
2024-03-31,4034785
2024-04-01,4271952
2024-04-02,4860640
2024-04-03,3606467
2024-04-04,3726954
2024-04-05,2915555
2024-04-06,1986550
2024-04-07,2385493
2024-04-08,4030326
2024-04-09,3928664
2024-04-10,3492918
2024-04-11,3622679
2024-04-12,4569287
2024-04-13,4827852
2024-04-14,3299890
2024-04-15,3471599
2024-04-16,2803321
2024-04-17,2465213
2024-04-18,2193736
2024-04-19,2963489
2024-04-20,1749586
2024-04-21,1556909
2024-04-22,2044511
2024-04-23,2231309
2024-04-24,2335968
2024-04-25,2096819
2024-04-26,1785262
2024-04-27,1896932
2024-04-28,1594121
2024-04-29,1903914
2024-04-30,2521434
2024-05-01,2296619
2024-05-02,1628348
2024-05-03,2068107
2024-05-04,1416676
2024-05-05,1313718
2024-05-06,1994043
2024-05-07,1794425
2024-05-08,1742146
2024-05-09,1440843
2024-05-10,1510220
2024-05-11,900544
2024-05-12,757503
2024-05-13,1684664
2024-05-14,1553863
2024-05-15,1820252
2024-05-16,1629749
2024-05-17,1795381
2024-05-18,1193739
2024-05-19,1116745
2024-05-20,3742648
2024-05-21,3922194
2024-05-22,2786649
2024-05-23,4976731
2024-05-24,2688095
2024-05-25,1509138
2024-05-26,2199076
2024-05-27,2725040
2024-05-28,3224368
2024-05-29,2680238
2024-05-30,2578081
2024-05-31,2627919
2024-06-01,2065719
2024-06-02,1779578
2024-06-03,2160789
2024-06-04,1921629
2024-06-05,1825193
2024-06-06,1906405
2024-06-07,3056335
2024-06-08,1615736
2024-06-09,1730102
2024-06-10,2021951
2024-06-11,2590263
2024-06-12,2546698
2024-06-13,2128466
2024-06-14,2281910
2024-06-15,1190976
2024-06-16,1136242
2024-06-17,2282769
2024-06-18,2614237
2024-06-19,1932916
2024-06-20,2191278
2024-06-21,1874360
2024-06-22,1017228
2024-06-23,1068545
2024-06-24,2641940
2024-06-25,1578481
2024-06-26,1372214
2024-06-27,1449519
2024-06-28,1348939
2024-06-29,741520
2024-06-30,792253
2024-07-01,1319733
2024-07-02,943647
2024-07-03,1576105
2024-07-04,2060234
2024-07-05,3033492
2024-07-06,978062
2024-07-07,964774
2024-07-08,1887529
2024-07-09,1399784
2024-07-10,1254418
2024-07-11,1288392
2024-07-12,1029657
2024-07-13,747120
2024-07-14,923140
2024-07-15,1645810
2024-07-16,2136615
2024-07-17,1688537
2024-07-18,2073077
2024-07-19,2119139
2024-07-20,1335185
2024-07-21,1726698
2024-07-22,1680149
2024-07-23,2407518
2024-07-24,620493
2024-07-25,1967304
2024-07-26,1281397
2024-07-27,1315338
2024-07-28,524392
2024-07-29,1362644
2024-07-30,1574860
2024-07-31,1700096
2024-08-01,1651827
2024-08-02,2174894
2024-08-03,1701240
2024-08-04,1626818
2024-08-05,6319394
2024-08-06,1501398
2024-08-07,1525967
2024-08-08,1726773
2024-08-09,1205570
2024-08-10,682422
2024-08-11,946530
2024-08-12,1447001
2024-08-13,1117538
2024-08-14,477279
2024-08-15,1239574
2024-08-16,922150
2024-08-17,571481
2024-08-18,332880
2024-08-19,619934
2024-08-20,1369487
2024-08-21,940660
2024-08-22,690917
2024-08-23,479700
2024-08-24,750623
2024-08-25,682876
2024-08-26,1062945
2024-08-27,847877
2024-08-28,1395156
2024-08-29,868396
2024-08-30,965548
2024-08-31,426297
2024-09-01,672982
2024-09-02,525125
2024-09-03,734110
2024-09-04,1229034
2024-09-05,805710
2024-09-06,1709898
2024-09-07,685574
2024-09-08,608352
2024-09-09,1043630
2024-09-10,868691
2024-09-11,1004365
2024-09-12,907412
2024-09-13,773694
2024-09-14,831700
2024-09-15,573780
2024-09-16,676839
2024-09-17,1428682
2024-09-18,1152465
2024-09-19,1295946
2024-09-20,1390030
2024-09-21,1285173
2024-09-22,913783
2024-09-23,1566809
2024-09-24,1443627
2024-09-25,1089317
2024-09-26,1334485
2024-09-27,1123292
2024-09-28,786052
2024-09-29,695104
2024-09-30,987843
2024-10-01,2357221
2024-10-02,1749488
2024-10-03,1372547
2024-10-04,1152662
2024-10-05,763894
2024-10-06,863240
2024-10-07,1581855
2024-10-08,1356967
2024-10-09,1415173
2024-10-10,1314179
2024-10-11,1242906
2024-10-12,1047618
2024-10-13,1063771
2024-10-14,1887553
2024-10-15,2015547
2024-10-16,1431964
2024-10-17,1279319
2024-10-18,1804334
2024-10-19,922683
2024-10-20,1245165
2024-10-21,1312219
2024-10-22,1254157
2024-10-23,1325814
2024-10-24,1566409
2024-10-25,1847555
2024-10-26,1556939
2024-10-27,861683
2024-10-28,1536898
2024-10-29,1698186
2024-10-30,1790190
2024-10-31,1539183
2024-11-01,1745526
2024-11-02,901939
2024-11-03,1300178
2024-11-04,1338719
2024-11-05,1320668
2024-11-06,3178121
2024-11-07,2601145
2024-11-08,2146784
2024-11-09,2266836
2024-11-10,3459933
2024-11-11,3970878
2024-11-12,5624914
2024-11-13,5106258
2024-11-14,1498776
2024-11-15,1685394
2024-11-16,1108901
2024-11-17,1173317
2024-11-18,4106423
2024-11-19,3896697
2024-11-20,3338618
2024-11-21,5359254
2024-11-22,3692852
2024-11-23,4163490
2024-11-24,3677151
2024-11-25,5852343
2024-11-26,5436330
2024-11-27,5199274
2024-11-28,4144642
2024-11-29,3872862
2024-11-30,4156891
2024-12-01,4222747
2024-12-02,5668581
2024-12-03,6488546
2024-12-04,6387911
2024-12-05,6336642
2024-12-06,6287802
2024-12-07,3109992
2024-12-08,3496195
2024-12-09,7840721
2024-12-10,6472148
2024-12-11,4130867
2024-12-12,4727843
2024-12-13,3713806
2024-12-14,2935429
2024-12-15,2883925
2024-12-16,4730140
2024-12-17,3701343
2024-12-18,5591741
2024-12-19,6006538
2024-12-20,5692937
2024-12-21,3141208
2024-12-22,2526419
2024-12-23,3641584
2024-12-24,2903063
2024-12-25,2206261
2024-12-26,2194748
2024-12-27,2609491
2024-12-28,2304657
2024-12-29,2006068
2024-12-30,3229106
2024-12-31,3228455
2025-01-01,2960294
2025-01-02,3602388
2025-01-03,3639046
2025-01-04,2681302
2025-01-05,2454488
2025-01-06,3485110
2025-01-07,3802219
2025-01-08,3453968
2025-01-09,3253291
2025-01-10,3206024
2025-01-11,1698690
2025-01-12,1538926
2025-01-13,3633233
2025-01-14,2574189
2025-01-15,3683039
2025-01-16,3179299
2025-01-17,3385601
2025-01-18,4431200
2025-01-19,7250610
2025-01-20,7890533
2025-01-21,4512036
2025-01-22,3056320
2025-01-23,5261686
2025-01-24,3635007
2025-01-25,2489843
2025-01-26,3100301
2025-01-27,5173826
2025-01-28,3703982
2025-01-29,2953747
2025-01-30,2636802
2025-01-31,3614966
2025-02-01,2550965
2025-02-02,2938917
2025-02-03,8033796
2025-02-04,4356629
2025-02-05,2643216
2025-02-06,2810394
2025-02-07,2698928
2025-02-08,1552476
2025-02-09,1905437
2025-02-10,2201374
2025-02-11,2082997
2025-02-12,2770821
2025-02-13,2290345
2025-02-14,1996530
2025-02-15,1263591
2025-02-16,1024575
2025-02-17,2265651
2025-02-18,2382214
2025-02-19,2583949
2025-02-20,2057959
2025-02-21,3247711
2025-02-22,1514777
2025-02-23,1429081
2025-02-24,3224335
2025-02-25,4525112
2025-02-26,2828356
2025-02-27,1863616
2025-02-28,2740413
2025-03-01,1137001
2025-03-02,3236517
2025-03-03,2673476
2025-03-04,2838258
2025-03-05,2571817
2025-03-06,2075146
2025-03-07,2761863
2025-03-08,3140907
2025-03-09,3179102
2025-03-10,4232238
2025-03-11,3106284
2025-03-12,1666503
2025-03-13,1194825
2025-03-14,1176064
2025-03-15,663385
2025-03-16,878401
2025-03-17,1190313
2025-03-18,1063633
2025-03-19,1271105
2025-03-20,1140012
2025-03-21,844331
2025-03-22,543324
2025-03-23,578903
2025-03-24,1175494
2025-03-25,1045096
2025-03-26,1307018
2025-03-27,1115327
2025-03-28,1219986
2025-03-29,789423
2025-03-30,621624
2025-03-31,1013428
2025-04-01,1035436
2025-04-02,1709804
2025-04-03,2025363
2025-04-04,1420875
2025-04-05,681599
2025-04-06,1851820
2025-04-07,2693344
2025-04-08,1425673
2025-04-09,2238085
2025-04-10,1809187
2025-04-11,1411737
2025-04-12,1235609
2025-04-13,1383592
2025-04-14,1503159
2025-04-15,1274308
2025-04-16,1584766
2025-04-17,1219175
2025-04-18,671390
2025-04-19,660364
2025-04-20,799325
2025-04-21,1270796
2025-04-22,1905510
2025-04-23,2136298
2025-04-24,1398784
2025-04-25,1487798
2025-04-26,4762097
2025-04-27,931490
2025-04-28,1318030
2025-04-29,1045892
2025-04-30,2838003
2025-05-01,1296909
2025-05-02,1061131
2025-05-03,664184
2025-05-04,731459
2025-05-05,1078030
2025-05-06,1221482
2025-05-07,1228579
2025-05-08,2096192
2025-05-09,2902720
2025-05-10,2297359
2025-05-11,2176717
2025-05-12,4543704
2025-05-13,2420183
2025-05-14,2193616
2025-05-15,2304876
2025-05-16,1740864
2025-05-17,1175524
2025-05-18,2078770
2025-05-19,2505668
2025-05-20,2164381
2025-05-21,2990863
2025-05-22,2382787
2025-05-23,2712983
2025-05-24,1248531
2025-05-25,1226348
2025-05-26,1350354
2025-05-27,1738448
2025-05-28,1698557
2025-05-29,2425549
2025-05-30,2449757
2025-05-31,1331968
2025-06-01,1084129
2025-06-02,1465999
2025-06-03,1606006
2025-06-04,1455598
2025-06-05,2094295
2025-06-06,1488579
2025-06-07,904004
2025-06-08,1019925
2025-06-09,1796903
2025-06-10,2599169
2025-06-11,2049956
2025-06-12,2342927
2025-06-13,2593737
2025-06-14,916536
2025-06-15,879358
2025-06-16,2010160
2025-06-17,1945872
2025-06-18,1614987
2025-06-19,1141442
2025-06-20,1554318
2025-06-21,1456444
2025-06-22,2214744
2025-06-23,2239663
2025-06-24,1591452
2025-06-25,1328980
2025-06-26,1410699
2025-06-27,1242044
2025-06-28,768644
2025-06-29,973501
2025-06-30,1295464
2025-07-01,1020716
2025-07-02,1177909
2025-07-03,1020642
2025-07-04,786670
2025-07-05,646870
2025-07-06,871098
2025-07-07,971689
2025-07-08,1037942
2025-07-09,1526774
2025-07-10,1862942
2025-07-11,2643122
2025-07-12,1560236
2025-07-13,1318171
2025-07-14,2097510
2025-07-15,2232918
2025-07-16,2383948
2025-07-17,2595072
2025-07-18,2898717
2025-07-19,1379992
2025-07-20,2021925
2025-07-21,2284157
2025-07-22,2386873
2025-07-23,2258914
2025-07-24,2422614
2025-07-25,2376900
2025-07-26,1439126
2025-07-27,1865758
2025-07-28,2108434
2025-07-29,2020371
2025-07-30,2075047
2025-07-31,2040781
2025-08-01,2576332
2025-08-02,1805015
2025-08-03,1137407
2025-08-04,1602388
2025-08-05,1857478
2025-08-06,1470283
2025-08-07,1979636
2025-08-08,2027379
2025-08-09,2385459
2025-08-10,2157802
2025-08-11,2661761
2025-08-12,2789896
2025-08-13,2757289
2025-08-14,3404482
2025-08-15,2347804
2025-08-16,1313198
2025-08-17,1610989
2025-08-18,2381381
2025-08-19,2165884
2025-08-20,2112756
2025-08-21,1620304
2025-08-22,3262853
2025-08-23,1761260
2025-08-24,2387202
2025-08-25,3159763
2025-08-26,2383687
2025-08-27,2524553
2025-08-28,1732270
2025-08-29,2285438
2025-08-30,1135770
2025-08-31,1195080
2025-09-01,3048743
2025-09-02,2248761
2025-09-03,1560700
2025-09-04,1908037
2025-09-05,2257809
2025-09-06,1112574
2025-09-07,965159
2025-09-08,1716317
2025-09-09,1973347
2025-09-10,2050211
2025-09-11,1767081
2025-09-12,1872630
2025-09-13,1563087
2025-09-14,1213131
2025-09-15,2156707
2025-09-16,1745566
2025-09-17,2290350
2025-09-18,1880955
2025-09-19,1828189
2025-09-20,1476692
2025-09-21,1516519
2025-09-22,3152904
2025-09-23,1920445
2025-09-24,2147600
2025-09-25,3295302
2025-09-26,2715669
2025-09-27,2074191
2025-09-28,1820098
2025-09-29,2324005
2025-09-30,2148848
2025-10-01,2209455
2025-10-02,2185470
2025-10-03,2453627
2025-10-04,1472724
2025-10-05,1870615
2025-10-06,2725146
2025-10-07,3112826
2025-10-08,2351701
2025-10-09,3216288
2025-10-10,7234518
2025-10-11,3630666
2025-10-12,3288632
2025-10-13,2914325
2025-10-14,3334692
2025-10-15,2681665
2025-10-16,2596977
2025-10-17,2879728
2025-10-18,1216282
2025-10-19,1651156
2025-10-20,2155752
2025-10-21,3300244
2025-10-22,2326557
2025-10-23,1939636
2025-10-24,2236972
2025-10-25,2042267
2025-10-26,2177351
2025-10-27,2555884
2025-10-28,2178247
2025-10-29,2281498
2025-10-30,2559590
2025-10-31,1838772
2025-11-01,710672
2025-11-02,1187057
2025-11-03,2418750
2025-11-04,3622675
2025-11-05,2084842
2025-11-06,1863904
2025-11-07,2665820
2025-11-08,1688305
2025-11-09,1596668
2025-11-10,1991510
2025-11-11,2246528
2025-11-12,2315060
2025-11-13,2927940
2025-11-14,2842512
2025-11-15,918026
2025-11-16,1751729
2025-11-17,2498560
2025-11-18,2518686
2025-11-19,1900661
2025-11-20,2205169
2025-11-21,2599200
2025-11-22,1297939
2025-11-23,1198390
2025-11-24,1789324
2025-11-25,1275243
2025-11-26,1614054
2025-11-27,1122842
2025-11-28,1288217
2025-11-29,793182
2025-11-30,764349
2025-12-01,1663781
2025-12-02,1442178
2025-12-03,1607143
2025-12-04,1446177
2025-12-05,1259133
2025-12-06,639690
2025-12-07,1129736
2025-12-08,1226610
2025-12-09,1363992
2025-12-10,1633521
2025-12-11,2004809
2025-12-12,1226471
2025-12-13,626659
2025-12-14,790649
2025-12-15,1537390
2025-12-16,1311833
2025-12-17,1464398
2025-12-18,1479400
2025-12-19,1268218
2025-12-20,509487
2025-12-21,734621
2025-12-22,1269889
2025-12-23,892301
2025-12-24,707023
2025-12-25,605529
2025-12-26,975020
2025-12-27,472120
2025-12-28,408909
2025-12-29,942705
2025-12-30,668014
2025-12-31,504296
2026-01-01,308013
2026-01-02,887229
2026-01-03,1012499
2026-01-04,597407
2026-01-05,1038917
2026-01-06,1159009
2026-01-07,947319
2026-01-08,948139
2026-01-09,990101
2026-01-10,414906
2026-01-11,635112
2026-01-12,1004367
2026-01-13,1733266
2026-01-14,1206896
2026-01-15,1628009
2026-01-16,667804
2026-01-17,389844
2026-01-18,552870
2026-01-19,887992
2026-01-20,1166784
2026-01-21,1555351
2026-01-22,1513761
2026-01-23,843557
2026-01-24,896852
2026-01-25,933077
2026-01-26,965304
2026-01-27,977821
2026-01-28,1034633
2026-01-29,1204698
2026-01-30,2084038
2026-01-31,2943567
2026-02-01,2189344
2026-02-02,1970182
2026-02-03,2016851
2026-02-04,2027729
2026-02-05,3771483
2026-02-06,2802562
2026-02-07,1809014
2026-02-08,1026500
2026-02-09,1241101
2026-02-10,1624981
2026-02-11,1313803
2026-02-12,1025061
2026-02-13,1490066
2026-02-14,1197845
2026-02-15,963283
2026-02-16,652032
2026-02-17,1188337
2026-02-18,913624
2026-02-19,819580
2026-02-20,870306
2026-02-21,402006
2026-02-22,420345
2026-02-23,733419
2026-02-24,711739
2026-02-25,1192195
2026-02-26,816315
2026-02-27,1011826
2026-02-28,929116
2026-03-01,996295
2026-03-02,1465180
2026-03-03,1061491
2026-03-04,1364382
2026-03-05,995647
2026-03-06,793628
2026-03-07,308995
2026-03-08,679997
2026-03-09,757498
2026-03-10,1034063
2026-03-11,905299
2026-03-12,1059093
2026-03-13,1204170
2026-03-14,307541
2026-03-15,570725
2026-03-16,1182265
2026-03-17,819419
2026-03-18,808844
2026-03-19,911810
2026-03-20,634508
2026-03-21,229525
2026-03-22,653947
2026-03-23,1442402
2026-03-24,710767
